training_seed,task,checkpoint_role,severity,n,h1_acpc_q90_mean,h5_acpc_q90_mean,max_cost_drift_mean,top1_stability_rate,top1_certificate_coverage,elite_certificate_coverage,first_action_rms_mean,first_action_rms_median,first_action_stability_rate,positive_clean_regret_mean
3072,Cube,base,0.0,100,0.0,0.0,0.0,1.0,1.0,1.0,0.0,0.0,1.0,0.0
3072,Cube,base,0.02,100,2.640596944093704,2.451849567890167,34.676237449645996,0.75,0.03,0.0,0.7147694444656372,0.6887439787387848,0.0,8.52735405087471
3072,Cube,base,0.05,100,12.308998918533325,13.170936074256897,194.84994901657103,0.11,0.0,0.0,0.9704051637649536,0.9675948023796082,0.0,122.40414766550064
3072,Cube,base,0.08,100,17.615285320281984,18.592754764556886,270.65415232658387,0.02,0.0,0.0,1.0908326262235641,1.0694524645805359,0.0,248.39328645706178
3072,Cube,endpoint,0.0,100,0.0,0.0,0.0,1.0,1.0,1.0,0.0,0.0,1.0,0.0
3072,Cube,endpoint,0.02,100,0.1877934628725052,0.1548212729021907,2.202752265930176,0.98,0.75,0.29,0.3284954230800406,0.31389109790325165,0.34,0.5263138377666473
3072,Cube,endpoint,0.05,100,0.49687943786382677,0.4423969656229019,6.181042633056641,0.98,0.48,0.07,0.4968758863395321,0.5009050369262695,0.09,1.3444858711957932
3072,Cube,endpoint,0.08,100,0.8317244696617127,0.6449234926700592,9.141671562194825,0.93,0.31,0.05,0.5572402913115977,0.5759963989257812,0.03,1.4197656732797623
3072,PushT,base,0.0,100,0.0,0.0,0.0,1.0,1.0,1.0,0.0,0.0,1.0,0.0
3072,PushT,base,0.02,100,1.8667145377397538,2.148894141316414,23.210802364349366,0.72,0.02,0.0,0.8323347729444504,0.7920275628566742,0.0,16.490866590738296
3072,PushT,base,0.05,100,7.952834868431092,8.799187054634094,90.97071062088013,0.2,0.0,0.0,1.0938023635745049,1.0734537243843079,0.0,119.7503670835495
3072,PushT,base,0.08,100,13.483868083953858,13.358503518104554,119.60116088867187,0.13,0.0,0.0,1.271761084496975,1.1798461079597473,0.0,177.40992378234864
3072,PushT,endpoint,0.0,100,0.0,0.0,0.0,1.0,1.0,1.0,0.0,0.0,1.0,0.0
3072,PushT,endpoint,0.02,100,0.18573136791586875,0.18067040666937828,1.8559711122512816,0.99,0.47,0.06,0.32866792293620917,0.28104181587696075,0.25,1.3768438148498534
3072,PushT,endpoint,0.05,100,0.4732246072590351,0.4593339794874191,4.358848400115967,0.98,0.22,0.0,0.5201057454139876,0.4902089238166809,0.09,4.368180592060089
3072,PushT,endpoint,0.08,100,0.7714344170689583,0.8341675832867622,8.010432176589966,0.93,0.1,0.0,0.654997269898561,0.5999466478824615,0.01,4.592091344594955
3072,Reacher,base,0.0,100,0.0,0.0,0.0,1.0,1.0,1.0,0.0,0.0,1.0,0.0
3072,Reacher,base,0.02,100,7.554407796859741,5.1107286047935485,83.89014175415039,0.58,0.03,0.0,0.8065491026639938,0.7609920501708984,0.0,21.072431003451346
3072,Reacher,base,0.05,100,24.975999374389648,14.715883431434632,239.34355659246444,0.11,0.0,0.0,1.0636023512482644,0.9690837562084198,0.0,186.39917891979218
3072,Reacher,base,0.08,100,31.010803833007813,15.70844367980957,252.7397465133667,0.07,0.0,0.0,1.0801381811499595,1.0248786211013794,0.0,283.2725779390335
3072,Reacher,endpoint,0.0,100,0.0,0.0,0.0,1.0,1.0,1.0,0.0,0.0,1.0,0.0
3072,Reacher,endpoint,0.02,100,0.15014496818184853,0.10643932735547423,1.7728000640869142,0.99,0.88,0.63,0.2116614399369638,0.06395151279866695,0.53,0.25152425706386566
3072,Reacher,endpoint,0.05,100,0.3744934405386448,0.272693577632308,4.613617095947266,0.98,0.77,0.37,0.4439480920186854,0.41157878935337067,0.16,0.41018793046474455
3072,Reacher,endpoint,0.08,100,0.6387092494964599,0.41863351486623285,7.101050262451172,0.96,0.63,0.3,0.5104423978352639,0.45722566545009613,0.12,0.3868668332695961
3072,TwoRoom,base,0.0,100,0.0,0.0,0.0,1.0,1.0,1.0,0.0,0.0,1.0,0.0
3072,TwoRoom,base,0.02,100,5.981488742828369,6.158028346300125,66.54070785522461,0.65,0.02,0.0,0.8287682989239693,0.77818363904953,0.0,36.433161492347715
3072,TwoRoom,base,0.05,100,14.529047355651855,16.170787291526793,206.92474345207214,0.27,0.0,0.0,0.9834353521466255,0.9479817748069763,0.0,172.52424444198607
3072,TwoRoom,base,0.08,100,19.943616771697997,18.91508264541626,231.5571893262863,0.1,0.0,0.0,1.07760872900486,1.0636160373687744,0.0,210.67404051303865
3072,TwoRoom,endpoint,0.0,100,0.0,0.0,0.0,1.0,1.0,1.0,0.0,0.0,1.0,0.0
3072,TwoRoom,endpoint,0.02,100,0.2628114087879658,0.1904061481356621,2.450732421875,0.98,0.65,0.26,0.3356791301453488,0.2498098909854889,0.39,2.055147058367729
3072,TwoRoom,endpoint,0.05,100,0.6544015344977379,0.5000694435834885,6.397526016235352,0.94,0.4,0.1,0.4919529693172038,0.4843484163284302,0.13,5.633088070750237
3072,TwoRoom,endpoint,0.08,100,1.0683488923311233,0.872005639821291,10.689772109985352,0.95,0.25,0.05,0.5816969114010486,0.5782821178436279,0.08,9.751429861783981
3073,Cube,base,0.0,100,0.0,0.0,0.0,1.0,1.0,1.0,0.0,0.0,1.0,0.0
3073,Cube,base,0.02,100,3.624434609413147,3.3531803452968596,47.270473365783694,0.62,0.0,0.0,0.7837491607666016,0.7445877492427826,0.0,9.902785432338714
3073,Cube,base,0.05,100,14.551701407432557,16.424229249954223,238.05064374923705,0.06,0.0,0.0,1.051390585899353,1.0311874747276306,0.0,183.43824056625365
3073,Cube,base,0.08,100,19.24082718849182,19.688167362213136,291.26031727313995,0.0,0.0,0.0,1.1173813170194626,1.0700112581253052,0.0,269.90286838531495
3073,Cube,endpoint,0.0,100,0.0,0.0,0.0,1.0,1.0,1.0,0.0,0.0,1.0,0.0
3073,Cube,endpoint,0.02,100,0.19857360541820526,0.16275465443730355,2.2683916473388672,0.98,0.73,0.35,0.2782489439768462,0.26570096611976624,0.32,0.6784423333406449
3073,Cube,endpoint,0.05,100,0.5285793186724186,0.45686836294829847,6.057969551086426,0.99,0.42,0.11,0.4943089496679686,0.4735029339790344,0.05,2.934234943985939
3073,Cube,endpoint,0.08,100,0.8624360045790672,0.6469575668871402,9.037116432189942,0.94,0.31,0.06,0.5251651482884729,0.5128642618656158,0.03,1.3011628371477126
3073,PushT,base,0.0,100,0.0,0.0,0.0,1.0,1.0,1.0,0.0,0.0,1.0,0.0
3073,PushT,base,0.02,100,2.0067980021238325,2.7159649580717087,36.44750747680664,0.68,0.01,0.0,0.9400675103068352,0.8585993945598602,0.0,24.25379675388336
3073,PushT,base,0.05,100,9.802512574195863,12.48021915435791,125.74523766517639,0.17,0.0,0.0,1.3056744277477264,1.2290716767311096,0.0,137.04672821044923
3073,PushT,base,0.08,100,15.276786546707154,15.797428569793702,140.69545388579368,0.04,0.0,0.0,1.4384584206342697,1.3378459811210632,0.0,190.80413486480714
3073,PushT,endpoint,0.0,100,0.0,0.0,0.0,1.0,1.0,1.0,0.0,0.0,1.0,0.0
3073,PushT,endpoint,0.02,100,0.1722699200361967,0.1945124729350209,2.034708948135376,0.95,0.44,0.06,0.47497803164454494,0.43721573054790497,0.15,1.751204147338867
3073,PushT,endpoint,0.05,100,0.43736973360180853,0.46201548308134077,4.96732159614563,0.93,0.19,0.01,0.6535806294590961,0.6068961322307587,0.04,3.623148194551468
3073,PushT,endpoint,0.08,100,0.7370775830745697,0.8121454334259033,8.452571792602539,0.91,0.12,0.0,0.6666402648122078,0.6579047739505768,0.02,4.028838237524033
3073,Reacher,base,0.0,100,0.0,0.0,0.0,1.0,1.0,1.0,0.0,0.0,1.0,0.0
3073,Reacher,base,0.02,100,7.403130950927735,5.098222187757492,83.40841163635254,0.55,0.02,0.0,0.7976852747797966,0.7567954063415527,0.0,22.231391613483428
3073,Reacher,base,0.05,100,25.491606922149657,14.85927987575531,238.90849457740785,0.18,0.0,0.0,1.0128227967023848,0.9913778901100159,0.0,206.18246274471284
3073,Reacher,base,0.08,100,32.33742071151733,15.988133268356323,256.33034757852556,0.06,0.0,0.0,1.0819420433044433,1.078270673751831,0.0,300.19459056138993
3073,Reacher,endpoint,0.0,100,0.0,0.0,0.0,1.0,1.0,1.0,0.0,0.0,1.0,0.0
3073,Reacher,endpoint,0.02,100,0.14092702232301235,0.1028718040511012,1.737609634399414,1.0,0.94,0.56,0.1854725712010981,1.8119503408797755e-07,0.58,0.20065587162971496
3073,Reacher,endpoint,0.05,100,0.36623480409383774,0.24938153535127638,4.187955627441406,0.98,0.79,0.38,0.31957761436825827,0.2638792097568512,0.32,0.261326946914196
3073,Reacher,endpoint,0.08,100,0.6296305719017983,0.412412881180644,6.696814651489258,0.92,0.7,0.24,0.49584735080245523,0.5000509470701218,0.09,0.394508912563324
3073,TwoRoom,base,0.0,100,0.0,0.0,0.0,1.0,1.0,1.0,0.0,0.0,1.0,0.0
3073,TwoRoom,base,0.02,100,4.910047154426575,3.834674290418625,41.12922424316406,0.82,0.02,0.0,0.8269488009810447,0.7545599639415741,0.0,20.685280637741087
3073,TwoRoom,base,0.05,100,14.864884204864502,12.933149178028106,149.32304747581483,0.38,0.0,0.0,1.0594394847750663,0.9663895964622498,0.0,109.36237591266632
3073,TwoRoom,base,0.08,100,24.922382850646972,19.58371995449066,237.31385818481445,0.14,0.0,0.0,1.0738498678803443,1.0330489873886108,0.0,208.38778000831604
3073,TwoRoom,endpoint,0.0,100,0.0,0.0,0.0,1.0,1.0,1.0,0.0,0.0,1.0,0.0
3073,TwoRoom,endpoint,0.02,100,0.2928712925314903,0.20728539019823075,3.4900094985961916,0.97,0.6,0.27,0.3729447721717619,0.36178529262542725,0.34,10.893178533911705
3073,TwoRoom,endpoint,0.05,100,0.7769266849756241,0.6132468679547309,8.962341384887695,0.91,0.34,0.1,0.5346615154451038,0.5216564834117889,0.1,8.123400147557259
3073,TwoRoom,endpoint,0.08,100,1.2539913874864579,0.9417766690254211,15.083573913574218,0.93,0.32,0.04,0.6328932010674498,0.6246146857738495,0.05,10.34744768679142
3074,Cube,base,0.0,100,0.0,0.0,0.0,1.0,1.0,1.0,0.0,0.0,1.0,0.0
3074,Cube,base,0.02,100,3.3611655128002167,3.078028456568718,44.92773178100586,0.61,0.01,0.0,0.779199735224247,0.7765535712242126,0.0,13.082066218852997
3074,Cube,base,0.05,100,13.559184284210206,15.074979610443116,223.27140839576722,0.06,0.0,0.0,1.0379587984085084,1.024103045463562,0.0,158.43481521606446
3074,Cube,base,0.08,100,17.919089984893798,18.71317053794861,276.3520795631409,0.04,0.0,0.0,1.0865011936426163,1.0646716952323914,0.0,248.87046653747558
3074,Cube,endpoint,0.0,100,0.0,0.0,0.0,1.0,1.0,1.0,0.0,0.0,1.0,0.0
3074,Cube,endpoint,0.02,100,0.2007752188295126,0.17932850051671267,2.5486002349853516,0.97,0.77,0.28,0.34514310307679863,0.3105706125497818,0.3,0.7274711012840271
3074,Cube,endpoint,0.05,100,0.5263777716457844,0.44996434487402437,6.2497711181640625,0.95,0.44,0.08,0.4814476992374312,0.48692306876182556,0.11,2.0857185837626457
3074,Cube,endpoint,0.08,100,0.8802034479379653,0.8337383250892162,11.882956314086915,0.89,0.25,0.01,0.5478566735415745,0.5519751012325287,0.05,1.203668066561222
3074,PushT,base,0.0,100,0.0,0.0,0.0,1.0,1.0,1.0,0.0,0.0,1.0,0.0
3074,PushT,base,0.02,100,1.3904980438947678,1.636158713698387,17.978522424697875,0.84,0.03,0.0,0.7928658479452133,0.7483518719673157,0.0,14.545054056644439
3074,PushT,base,0.05,100,5.305943801403045,6.276595177650452,62.331723279953,0.4,0.0,0.0,1.0779006630182266,1.0106148719787598,0.0,79.23470089912415
3074,PushT,base,0.08,100,9.490476574897766,10.46904640674591,102.35427334785462,0.21,0.0,0.0,1.2552079397439957,1.211246371269226,0.0,134.28914940595627
3074,PushT,endpoint,0.0,100,0.0,0.0,0.0,1.0,1.0,1.0,0.0,0.0,1.0,0.0
3074,PushT,endpoint,0.02,100,0.16592655412852764,0.16518565125763415,1.76094584941864,1.0,0.53,0.08,0.36013070034641503,0.33128127455711365,0.26,1.8271989989280701
3074,PushT,endpoint,0.05,100,0.4255849254131317,0.397305708527565,3.8909937715530396,0.98,0.3,0.01,0.5420259160083296,0.4771399050951004,0.06,2.6055192911624907
3074,PushT,endpoint,0.08,100,0.6867062360048294,0.6846354125440121,6.386751551628112,0.93,0.19,0.02,0.5694826419926794,0.5343687832355499,0.08,4.26502096414566
3074,Reacher,base,0.0,100,0.0,0.0,0.0,1.0,1.0,1.0,0.0,0.0,1.0,0.0
3074,Reacher,base,0.02,100,6.473973779678345,4.134313181638718,67.41232154846192,0.63,0.06,0.0,0.7820017486810684,0.7401615977287292,0.0,10.249538117647171
3074,Reacher,base,0.05,100,23.714849910736085,13.77342794418335,224.68497386932373,0.22,0.0,0.0,1.0190927642583847,0.9781056046485901,0.0,138.37842336952687
3074,Reacher,base,0.08,100,30.491390380859375,15.454418458938598,258.81187541007995,0.07,0.0,0.0,1.0673991280794144,1.0293452739715576,0.0,259.8933298301697
3074,Reacher,endpoint,0.0,100,0.0,0.0,0.0,1.0,1.0,1.0,0.0,0.0,1.0,0.0
3074,Reacher,endpoint,0.02,100,0.1530883974581957,0.09988388903439045,1.6481304168701172,1.0,0.92,0.57,0.16612460395040762,1.310275123955762e-07,0.63,0.2468501517176628
3074,Reacher,endpoint,0.05,100,0.38780570864677427,0.2506640374660492,4.255688972473145,0.97,0.81,0.37,0.40510250564156536,0.4078593999147415,0.27,3.157441456913948
3074,Reacher,endpoint,0.08,100,0.6472223368287087,0.4012854941189289,6.645731353759766,0.99,0.7,0.24,0.5103887881435101,0.48418469727039337,0.13,0.63742665797472
3074,TwoRoom,base,0.0,100,0.0,0.0,0.0,1.0,1.0,1.0,0.0,0.0,1.0,0.0
3074,TwoRoom,base,0.02,100,5.000394816398621,4.178789394497872,49.44583118438721,0.64,0.02,0.0,0.8303680948913097,0.7823205590248108,0.0,24.021951730251313
3074,TwoRoom,base,0.05,100,13.316659107208253,13.265497436523438,148.92365510940553,0.28,0.0,0.0,1.0108157676458358,0.9925123453140259,0.0,104.67510378360748
3074,TwoRoom,base,0.08,100,19.56792550086975,18.238077292442323,208.71447678089143,0.16,0.0,0.0,1.0522010147571563,1.0062523484230042,0.0,192.3775875234604
3074,TwoRoom,endpoint,0.0,100,0.0,0.0,0.0,1.0,1.0,1.0,0.0,0.0,1.0,0.0
3074,TwoRoom,endpoint,0.02,100,0.2458270300924778,0.1756994779407978,2.846196174621582,0.98,0.66,0.24,0.31301550884615,0.19116900116205215,0.42,3.5873730856180193
3074,TwoRoom,endpoint,0.05,100,0.6320638865232467,0.5049698023498058,6.572478103637695,0.97,0.42,0.08,0.5466609032468912,0.5545060634613037,0.15,6.004750746488571
3074,TwoRoom,endpoint,0.08,100,1.0475162234902382,0.7400632691383362,10.041807670593261,0.91,0.3,0.04,0.6429057449037806,0.6529824137687683,0.04,5.310476100444793
