horizon,atr_quantile,atr_horizon_v2,raw_horizon_radius_quantile,clean_transition_scale_q50,radius_metric,noise_draw_aggregation,model_family,task,training_seed,checkpoint_type,std_key,subdir,run_path,model_file,model_search_dirs,clean_success,pixels_std0.08_success,atr_q90_source,recovery_label,status,stress_sigma,n_sequences,num_noise_draws
1,0.8,2.0578250885009766,16.3206844329834,8.723489761352539,horizon_weighted_stacked_l2_v2,per_anchor_mean_then_checkpoint_quantile,LeWM,Reacher,3072,base,0.00,reacher_lewm_20260430,/opt/workspace/explorer-env/dataset/ag_data/data/world_model/quentinll/lewm-reacher/ckpt/reacher_lewm_20260430,/opt/workspace/explorer-env/dataset/ag_data/data/world_model/quentinll/lewm-reacher/ckpt/reacher_lewm_20260430/reacher_lewm_20260430_epoch_10_object.ckpt,['/opt/workspace/explorer-env/dataset/ag_data/data/world_model/quentinll/lewm-reacher/ckpt/reacher_lewm_20260430'],58.666666666666664,18.333333333333332,2.612153470267934,false,ok,0.08,16,5
1,0.9,2.223128318786621,17.756912231445312,8.723489761352539,horizon_weighted_stacked_l2_v2,per_anchor_mean_then_checkpoint_quantile,LeWM,Reacher,3072,base,0.00,reacher_lewm_20260430,/opt/workspace/explorer-env/dataset/ag_data/data/world_model/quentinll/lewm-reacher/ckpt/reacher_lewm_20260430,/opt/workspace/explorer-env/dataset/ag_data/data/world_model/quentinll/lewm-reacher/ckpt/reacher_lewm_20260430/reacher_lewm_20260430_epoch_10_object.ckpt,['/opt/workspace/explorer-env/dataset/ag_data/data/world_model/quentinll/lewm-reacher/ckpt/reacher_lewm_20260430'],58.666666666666664,18.333333333333332,2.612153470267934,false,ok,0.08,16,5
1,0.95,2.629986524581909,18.389711380004883,8.723489761352539,horizon_weighted_stacked_l2_v2,per_anchor_mean_then_checkpoint_quantile,LeWM,Reacher,3072,base,0.00,reacher_lewm_20260430,/opt/workspace/explorer-env/dataset/ag_data/data/world_model/quentinll/lewm-reacher/ckpt/reacher_lewm_20260430,/opt/workspace/explorer-env/dataset/ag_data/data/world_model/quentinll/lewm-reacher/ckpt/reacher_lewm_20260430/reacher_lewm_20260430_epoch_10_object.ckpt,['/opt/workspace/explorer-env/dataset/ag_data/data/world_model/quentinll/lewm-reacher/ckpt/reacher_lewm_20260430'],58.666666666666664,18.333333333333332,2.612153470267934,false,ok,0.08,16,5
2,0.8,2.165483236312866,15.837661743164062,7.997208595275879,horizon_weighted_stacked_l2_v2,per_anchor_mean_then_checkpoint_quantile,LeWM,Reacher,3072,base,0.00,reacher_lewm_20260430,/opt/workspace/explorer-env/dataset/ag_data/data/world_model/quentinll/lewm-reacher/ckpt/reacher_lewm_20260430,/opt/workspace/explorer-env/dataset/ag_data/data/world_model/quentinll/lewm-reacher/ckpt/reacher_lewm_20260430/reacher_lewm_20260430_epoch_10_object.ckpt,['/opt/workspace/explorer-env/dataset/ag_data/data/world_model/quentinll/lewm-reacher/ckpt/reacher_lewm_20260430'],58.666666666666664,18.333333333333332,2.612153470267934,false,ok,0.08,16,5
2,0.9,2.3943405151367188,17.313182830810547,7.997208595275879,horizon_weighted_stacked_l2_v2,per_anchor_mean_then_checkpoint_quantile,LeWM,Reacher,3072,base,0.00,reacher_lewm_20260430,/opt/workspace/explorer-env/dataset/ag_data/data/world_model/quentinll/lewm-reacher/ckpt/reacher_lewm_20260430,/opt/workspace/explorer-env/dataset/ag_data/data/world_model/quentinll/lewm-reacher/ckpt/reacher_lewm_20260430/reacher_lewm_20260430_epoch_10_object.ckpt,['/opt/workspace/explorer-env/dataset/ag_data/data/world_model/quentinll/lewm-reacher/ckpt/reacher_lewm_20260430'],58.666666666666664,18.333333333333332,2.612153470267934,false,ok,0.08,16,5
2,0.95,2.550640106201172,17.837196350097656,7.997208595275879,horizon_weighted_stacked_l2_v2,per_anchor_mean_then_checkpoint_quantile,LeWM,Reacher,3072,base,0.00,reacher_lewm_20260430,/opt/workspace/explorer-env/dataset/ag_data/data/world_model/quentinll/lewm-reacher/ckpt/reacher_lewm_20260430,/opt/workspace/explorer-env/dataset/ag_data/data/world_model/quentinll/lewm-reacher/ckpt/reacher_lewm_20260430/reacher_lewm_20260430_epoch_10_object.ckpt,['/opt/workspace/explorer-env/dataset/ag_data/data/world_model/quentinll/lewm-reacher/ckpt/reacher_lewm_20260430'],58.666666666666664,18.333333333333332,2.612153470267934,false,ok,0.08,16,5
4,0.8,2.022874593734741,14.932565689086914,7.96691370010376,horizon_weighted_stacked_l2_v2,per_anchor_mean_then_checkpoint_quantile,LeWM,Reacher,3072,base,0.00,reacher_lewm_20260430,/opt/workspace/explorer-env/dataset/ag_data/data/world_model/quentinll/lewm-reacher/ckpt/reacher_lewm_20260430,/opt/workspace/explorer-env/dataset/ag_data/data/world_model/quentinll/lewm-reacher/ckpt/reacher_lewm_20260430/reacher_lewm_20260430_epoch_10_object.ckpt,['/opt/workspace/explorer-env/dataset/ag_data/data/world_model/quentinll/lewm-reacher/ckpt/reacher_lewm_20260430'],58.666666666666664,18.333333333333332,2.612153470267934,false,ok,0.08,16,5
4,0.9,2.272754192352295,16.640701293945312,7.96691370010376,horizon_weighted_stacked_l2_v2,per_anchor_mean_then_checkpoint_quantile,LeWM,Reacher,3072,base,0.00,reacher_lewm_20260430,/opt/workspace/explorer-env/dataset/ag_data/data/world_model/quentinll/lewm-reacher/ckpt/reacher_lewm_20260430,/opt/workspace/explorer-env/dataset/ag_data/data/world_model/quentinll/lewm-reacher/ckpt/reacher_lewm_20260430/reacher_lewm_20260430_epoch_10_object.ckpt,['/opt/workspace/explorer-env/dataset/ag_data/data/world_model/quentinll/lewm-reacher/ckpt/reacher_lewm_20260430'],58.666666666666664,18.333333333333332,2.612153470267934,false,ok,0.08,16,5
4,0.95,2.594754219055176,17.35567855834961,7.96691370010376,horizon_weighted_stacked_l2_v2,per_anchor_mean_then_checkpoint_quantile,LeWM,Reacher,3072,base,0.00,reacher_lewm_20260430,/opt/workspace/explorer-env/dataset/ag_data/data/world_model/quentinll/lewm-reacher/ckpt/reacher_lewm_20260430,/opt/workspace/explorer-env/dataset/ag_data/data/world_model/quentinll/lewm-reacher/ckpt/reacher_lewm_20260430/reacher_lewm_20260430_epoch_10_object.ckpt,['/opt/workspace/explorer-env/dataset/ag_data/data/world_model/quentinll/lewm-reacher/ckpt/reacher_lewm_20260430'],58.666666666666664,18.333333333333332,2.612153470267934,false,ok,0.08,16,5
8,0.8,2.28246808052063,15.631848335266113,7.192756652832031,horizon_weighted_stacked_l2_v2,per_anchor_mean_then_checkpoint_quantile,LeWM,Reacher,3072,base,0.00,reacher_lewm_20260430,/opt/workspace/explorer-env/dataset/ag_data/data/world_model/quentinll/lewm-reacher/ckpt/reacher_lewm_20260430,/opt/workspace/explorer-env/dataset/ag_data/data/world_model/quentinll/lewm-reacher/ckpt/reacher_lewm_20260430/reacher_lewm_20260430_epoch_10_object.ckpt,['/opt/workspace/explorer-env/dataset/ag_data/data/world_model/quentinll/lewm-reacher/ckpt/reacher_lewm_20260430'],58.666666666666664,18.333333333333332,2.612153470267934,false,ok,0.08,16,5
8,0.9,2.363497495651245,16.730052947998047,7.192756652832031,horizon_weighted_stacked_l2_v2,per_anchor_mean_then_checkpoint_quantile,LeWM,Reacher,3072,base,0.00,reacher_lewm_20260430,/opt/workspace/explorer-env/dataset/ag_data/data/world_model/quentinll/lewm-reacher/ckpt/reacher_lewm_20260430,/opt/workspace/explorer-env/dataset/ag_data/data/world_model/quentinll/lewm-reacher/ckpt/reacher_lewm_20260430/reacher_lewm_20260430_epoch_10_object.ckpt,['/opt/workspace/explorer-env/dataset/ag_data/data/world_model/quentinll/lewm-reacher/ckpt/reacher_lewm_20260430'],58.666666666666664,18.333333333333332,2.612153470267934,false,ok,0.08,16,5
8,0.95,2.4176690578460693,17.547029495239258,7.192756652832031,horizon_weighted_stacked_l2_v2,per_anchor_mean_then_checkpoint_quantile,LeWM,Reacher,3072,base,0.00,reacher_lewm_20260430,/opt/workspace/explorer-env/dataset/ag_data/data/world_model/quentinll/lewm-reacher/ckpt/reacher_lewm_20260430,/opt/workspace/explorer-env/dataset/ag_data/data/world_model/quentinll/lewm-reacher/ckpt/reacher_lewm_20260430/reacher_lewm_20260430_epoch_10_object.ckpt,['/opt/workspace/explorer-env/dataset/ag_data/data/world_model/quentinll/lewm-reacher/ckpt/reacher_lewm_20260430'],58.666666666666664,18.333333333333332,2.612153470267934,false,ok,0.08,16,5
1,0.8,0.04198925197124481,0.3065010607242584,8.731399536132812,horizon_weighted_stacked_l2_v2,per_anchor_mean_then_checkpoint_quantile,LeWM,Reacher,3072,onset,0.02,reacher_lewm_noise_0to002_p1,/opt/workspace/explorer-env/dataset/ag_data/data/world_model/quentinll/lewm-reacher/ckpt/reacher_lewm_noise_0to002_p1,/opt/workspace/explorer-env/dataset/ag_data/data/world_model/quentinll/lewm-reacher/ckpt/reacher_lewm_noise_0to002_p1/reacher_lewm_noise_0to002_p1_epoch_10_object.ckpt,['/opt/workspace/explorer-env/dataset/ag_data/data/world_model/quentinll/lewm-reacher/ckpt/reacher_lewm_noise_0to002_p1'],85.66666666666667,83.66666666666667,0.06478999624693388,true,ok,0.08,16,5
1,0.9,0.04799596592783928,0.32861778140068054,8.731399536132812,horizon_weighted_stacked_l2_v2,per_anchor_mean_then_checkpoint_quantile,LeWM,Reacher,3072,onset,0.02,reacher_lewm_noise_0to002_p1,/opt/workspace/explorer-env/dataset/ag_data/data/world_model/quentinll/lewm-reacher/ckpt/reacher_lewm_noise_0to002_p1,/opt/workspace/explorer-env/dataset/ag_data/data/world_model/quentinll/lewm-reacher/ckpt/reacher_lewm_noise_0to002_p1/reacher_lewm_noise_0to002_p1_epoch_10_object.ckpt,['/opt/workspace/explorer-env/dataset/ag_data/data/world_model/quentinll/lewm-reacher/ckpt/reacher_lewm_noise_0to002_p1'],85.66666666666667,83.66666666666667,0.06478999624693388,true,ok,0.08,16,5
1,0.95,0.05298229306936264,0.371328204870224,8.731399536132812,horizon_weighted_stacked_l2_v2,per_anchor_mean_then_checkpoint_quantile,LeWM,Reacher,3072,onset,0.02,reacher_lewm_noise_0to002_p1,/opt/workspace/explorer-env/dataset/ag_data/data/world_model/quentinll/lewm-reacher/ckpt/reacher_lewm_noise_0to002_p1,/opt/workspace/explorer-env/dataset/ag_data/data/world_model/quentinll/lewm-reacher/ckpt/reacher_lewm_noise_0to002_p1/reacher_lewm_noise_0to002_p1_epoch_10_object.ckpt,['/opt/workspace/explorer-env/dataset/ag_data/data/world_model/quentinll/lewm-reacher/ckpt/reacher_lewm_noise_0to002_p1'],85.66666666666667,83.66666666666667,0.06478999624693388,true,ok,0.08,16,5
2,0.8,0.040711306035518646,0.30993351340293884,8.25246810913086,horizon_weighted_stacked_l2_v2,per_anchor_mean_then_checkpoint_quantile,LeWM,Reacher,3072,onset,0.02,reacher_lewm_noise_0to002_p1,/opt/workspace/explorer-env/dataset/ag_data/data/world_model/quentinll/lewm-reacher/ckpt/reacher_lewm_noise_0to002_p1,/opt/workspace/explorer-env/dataset/ag_data/data/world_model/quentinll/lewm-reacher/ckpt/reacher_lewm_noise_0to002_p1/reacher_lewm_noise_0to002_p1_epoch_10_object.ckpt,['/opt/workspace/explorer-env/dataset/ag_data/data/world_model/quentinll/lewm-reacher/ckpt/reacher_lewm_noise_0to002_p1'],85.66666666666667,83.66666666666667,0.06478999624693388,true,ok,0.08,16,5
2,0.9,0.043358780443668365,0.3306252360343933,8.25246810913086,horizon_weighted_stacked_l2_v2,per_anchor_mean_then_checkpoint_quantile,LeWM,Reacher,3072,onset,0.02,reacher_lewm_noise_0to002_p1,/opt/workspace/explorer-env/dataset/ag_data/data/world_model/quentinll/lewm-reacher/ckpt/reacher_lewm_noise_0to002_p1,/opt/workspace/explorer-env/dataset/ag_data/data/world_model/quentinll/lewm-reacher/ckpt/reacher_lewm_noise_0to002_p1/reacher_lewm_noise_0to002_p1_epoch_10_object.ckpt,['/opt/workspace/explorer-env/dataset/ag_data/data/world_model/quentinll/lewm-reacher/ckpt/reacher_lewm_noise_0to002_p1'],85.66666666666667,83.66666666666667,0.06478999624693388,true,ok,0.08,16,5
2,0.95,0.04433130472898483,0.36853447556495667,8.25246810913086,horizon_weighted_stacked_l2_v2,per_anchor_mean_then_checkpoint_quantile,LeWM,Reacher,3072,onset,0.02,reacher_lewm_noise_0to002_p1,/opt/workspace/explorer-env/dataset/ag_data/data/world_model/quentinll/lewm-reacher/ckpt/reacher_lewm_noise_0to002_p1,/opt/workspace/explorer-env/dataset/ag_data/data/world_model/quentinll/lewm-reacher/ckpt/reacher_lewm_noise_0to002_p1/reacher_lewm_noise_0to002_p1_epoch_10_object.ckpt,['/opt/workspace/explorer-env/dataset/ag_data/data/world_model/quentinll/lewm-reacher/ckpt/reacher_lewm_noise_0to002_p1'],85.66666666666667,83.66666666666667,0.06478999624693388,true,ok,0.08,16,5
4,0.8,0.040973953902721405,0.30273398756980896,7.978396892547607,horizon_weighted_stacked_l2_v2,per_anchor_mean_then_checkpoint_quantile,LeWM,Reacher,3072,onset,0.02,reacher_lewm_noise_0to002_p1,/opt/workspace/explorer-env/dataset/ag_data/data/world_model/quentinll/lewm-reacher/ckpt/reacher_lewm_noise_0to002_p1,/opt/workspace/explorer-env/dataset/ag_data/data/world_model/quentinll/lewm-reacher/ckpt/reacher_lewm_noise_0to002_p1/reacher_lewm_noise_0to002_p1_epoch_10_object.ckpt,['/opt/workspace/explorer-env/dataset/ag_data/data/world_model/quentinll/lewm-reacher/ckpt/reacher_lewm_noise_0to002_p1'],85.66666666666667,83.66666666666667,0.06478999624693388,true,ok,0.08,16,5
4,0.9,0.04240463674068451,0.32870733737945557,7.978396892547607,horizon_weighted_stacked_l2_v2,per_anchor_mean_then_checkpoint_quantile,LeWM,Reacher,3072,onset,0.02,reacher_lewm_noise_0to002_p1,/opt/workspace/explorer-env/dataset/ag_data/data/world_model/quentinll/lewm-reacher/ckpt/reacher_lewm_noise_0to002_p1,/opt/workspace/explorer-env/dataset/ag_data/data/world_model/quentinll/lewm-reacher/ckpt/reacher_lewm_noise_0to002_p1/reacher_lewm_noise_0to002_p1_epoch_10_object.ckpt,['/opt/workspace/explorer-env/dataset/ag_data/data/world_model/quentinll/lewm-reacher/ckpt/reacher_lewm_noise_0to002_p1'],85.66666666666667,83.66666666666667,0.06478999624693388,true,ok,0.08,16,5
4,0.95,0.045995257794857025,0.3592682480812073,7.978396892547607,horizon_weighted_stacked_l2_v2,per_anchor_mean_then_checkpoint_quantile,LeWM,Reacher,3072,onset,0.02,reacher_lewm_noise_0to002_p1,/opt/workspace/explorer-env/dataset/ag_data/data/world_model/quentinll/lewm-reacher/ckpt/reacher_lewm_noise_0to002_p1,/opt/workspace/explorer-env/dataset/ag_data/data/world_model/quentinll/lewm-reacher/ckpt/reacher_lewm_noise_0to002_p1/reacher_lewm_noise_0to002_p1_epoch_10_object.ckpt,['/opt/workspace/explorer-env/dataset/ag_data/data/world_model/quentinll/lewm-reacher/ckpt/reacher_lewm_noise_0to002_p1'],85.66666666666667,83.66666666666667,0.06478999624693388,true,ok,0.08,16,5
8,0.8,0.043179530650377274,0.29392656683921814,7.407132148742676,horizon_weighted_stacked_l2_v2,per_anchor_mean_then_checkpoint_quantile,LeWM,Reacher,3072,onset,0.02,reacher_lewm_noise_0to002_p1,/opt/workspace/explorer-env/dataset/ag_data/data/world_model/quentinll/lewm-reacher/ckpt/reacher_lewm_noise_0to002_p1,/opt/workspace/explorer-env/dataset/ag_data/data/world_model/quentinll/lewm-reacher/ckpt/reacher_lewm_noise_0to002_p1/reacher_lewm_noise_0to002_p1_epoch_10_object.ckpt,['/opt/workspace/explorer-env/dataset/ag_data/data/world_model/quentinll/lewm-reacher/ckpt/reacher_lewm_noise_0to002_p1'],85.66666666666667,83.66666666666667,0.06478999624693388,true,ok,0.08,16,5
8,0.9,0.04529872164130211,0.3203054368495941,7.407132148742676,horizon_weighted_stacked_l2_v2,per_anchor_mean_then_checkpoint_quantile,LeWM,Reacher,3072,onset,0.02,reacher_lewm_noise_0to002_p1,/opt/workspace/explorer-env/dataset/ag_data/data/world_model/quentinll/lewm-reacher/ckpt/reacher_lewm_noise_0to002_p1,/opt/workspace/explorer-env/dataset/ag_data/data/world_model/quentinll/lewm-reacher/ckpt/reacher_lewm_noise_0to002_p1/reacher_lewm_noise_0to002_p1_epoch_10_object.ckpt,['/opt/workspace/explorer-env/dataset/ag_data/data/world_model/quentinll/lewm-reacher/ckpt/reacher_lewm_noise_0to002_p1'],85.66666666666667,83.66666666666667,0.06478999624693388,true,ok,0.08,16,5
8,0.95,0.052554674446582794,0.3566599190235138,7.407132148742676,horizon_weighted_stacked_l2_v2,per_anchor_mean_then_checkpoint_quantile,LeWM,Reacher,3072,onset,0.02,reacher_lewm_noise_0to002_p1,/opt/workspace/explorer-env/dataset/ag_data/data/world_model/quentinll/lewm-reacher/ckpt/reacher_lewm_noise_0to002_p1,/opt/workspace/explorer-env/dataset/ag_data/data/world_model/quentinll/lewm-reacher/ckpt/reacher_lewm_noise_0to002_p1/reacher_lewm_noise_0to002_p1_epoch_10_object.ckpt,['/opt/workspace/explorer-env/dataset/ag_data/data/world_model/quentinll/lewm-reacher/ckpt/reacher_lewm_noise_0to002_p1'],85.66666666666667,83.66666666666667,0.06478999624693388,true,ok,0.08,16,5
1,0.8,0.05594489723443985,0.38864874839782715,8.349515914916992,horizon_weighted_stacked_l2_v2,per_anchor_mean_then_checkpoint_quantile,LeWM,Reacher,3072,endpoint,0.08,reacher_lewm_noise_0to008_p1,/opt/workspace/explorer-env/dataset/ag_data/data/world_model/quentinll/lewm-reacher/ckpt/reacher_lewm_noise_0to008_p1,/opt/workspace/explorer-env/dataset/ag_data/data/world_model/quentinll/lewm-reacher/ckpt/reacher_lewm_noise_0to008_p1/reacher_lewm_noise_0to008_p1_epoch_10_object.ckpt,['/opt/workspace/explorer-env/dataset/ag_data/data/world_model/quentinll/lewm-reacher/ckpt/reacher_lewm_noise_0to008_p1'],84.0,82.0,0.08880907729496679,true,ok,0.08,16,5
1,0.9,0.06438393890857697,0.42982497811317444,8.349515914916992,horizon_weighted_stacked_l2_v2,per_anchor_mean_then_checkpoint_quantile,LeWM,Reacher,3072,endpoint,0.08,reacher_lewm_noise_0to008_p1,/opt/workspace/explorer-env/dataset/ag_data/data/world_model/quentinll/lewm-reacher/ckpt/reacher_lewm_noise_0to008_p1,/opt/workspace/explorer-env/dataset/ag_data/data/world_model/quentinll/lewm-reacher/ckpt/reacher_lewm_noise_0to008_p1/reacher_lewm_noise_0to008_p1_epoch_10_object.ckpt,['/opt/workspace/explorer-env/dataset/ag_data/data/world_model/quentinll/lewm-reacher/ckpt/reacher_lewm_noise_0to008_p1'],84.0,82.0,0.08880907729496679,true,ok,0.08,16,5
1,0.95,0.06566783040761948,0.44890689849853516,8.349515914916992,horizon_weighted_stacked_l2_v2,per_anchor_mean_then_checkpoint_quantile,LeWM,Reacher,3072,endpoint,0.08,reacher_lewm_noise_0to008_p1,/opt/workspace/explorer-env/dataset/ag_data/data/world_model/quentinll/lewm-reacher/ckpt/reacher_lewm_noise_0to008_p1,/opt/workspace/explorer-env/dataset/ag_data/data/world_model/quentinll/lewm-reacher/ckpt/reacher_lewm_noise_0to008_p1/reacher_lewm_noise_0to008_p1_epoch_10_object.ckpt,['/opt/workspace/explorer-env/dataset/ag_data/data/world_model/quentinll/lewm-reacher/ckpt/reacher_lewm_noise_0to008_p1'],84.0,82.0,0.08880907729496679,true,ok,0.08,16,5
2,0.8,0.04983384534716606,0.38389307260513306,8.786701202392578,horizon_weighted_stacked_l2_v2,per_anchor_mean_then_checkpoint_quantile,LeWM,Reacher,3072,endpoint,0.08,reacher_lewm_noise_0to008_p1,/opt/workspace/explorer-env/dataset/ag_data/data/world_model/quentinll/lewm-reacher/ckpt/reacher_lewm_noise_0to008_p1,/opt/workspace/explorer-env/dataset/ag_data/data/world_model/quentinll/lewm-reacher/ckpt/reacher_lewm_noise_0to008_p1/reacher_lewm_noise_0to008_p1_epoch_10_object.ckpt,['/opt/workspace/explorer-env/dataset/ag_data/data/world_model/quentinll/lewm-reacher/ckpt/reacher_lewm_noise_0to008_p1'],84.0,82.0,0.08880907729496679,true,ok,0.08,16,5
2,0.9,0.06283491849899292,0.4067835211753845,8.786701202392578,horizon_weighted_stacked_l2_v2,per_anchor_mean_then_checkpoint_quantile,LeWM,Reacher,3072,endpoint,0.08,reacher_lewm_noise_0to008_p1,/opt/workspace/explorer-env/dataset/ag_data/data/world_model/quentinll/lewm-reacher/ckpt/reacher_lewm_noise_0to008_p1,/opt/workspace/explorer-env/dataset/ag_data/data/world_model/quentinll/lewm-reacher/ckpt/reacher_lewm_noise_0to008_p1/reacher_lewm_noise_0to008_p1_epoch_10_object.ckpt,['/opt/workspace/explorer-env/dataset/ag_data/data/world_model/quentinll/lewm-reacher/ckpt/reacher_lewm_noise_0to008_p1'],84.0,82.0,0.08880907729496679,true,ok,0.08,16,5
2,0.95,0.06891049444675446,0.4306136965751648,8.786701202392578,horizon_weighted_stacked_l2_v2,per_anchor_mean_then_checkpoint_quantile,LeWM,Reacher,3072,endpoint,0.08,reacher_lewm_noise_0to008_p1,/opt/workspace/explorer-env/dataset/ag_data/data/world_model/quentinll/lewm-reacher/ckpt/reacher_lewm_noise_0to008_p1,/opt/workspace/explorer-env/dataset/ag_data/data/world_model/quentinll/lewm-reacher/ckpt/reacher_lewm_noise_0to008_p1/reacher_lewm_noise_0to008_p1_epoch_10_object.ckpt,['/opt/workspace/explorer-env/dataset/ag_data/data/world_model/quentinll/lewm-reacher/ckpt/reacher_lewm_noise_0to008_p1'],84.0,82.0,0.08880907729496679,true,ok,0.08,16,5
4,0.8,0.04903491213917732,0.38471686840057373,8.07893180847168,horizon_weighted_stacked_l2_v2,per_anchor_mean_then_checkpoint_quantile,LeWM,Reacher,3072,endpoint,0.08,reacher_lewm_noise_0to008_p1,/opt/workspace/explorer-env/dataset/ag_data/data/world_model/quentinll/lewm-reacher/ckpt/reacher_lewm_noise_0to008_p1,/opt/workspace/explorer-env/dataset/ag_data/data/world_model/quentinll/lewm-reacher/ckpt/reacher_lewm_noise_0to008_p1/reacher_lewm_noise_0to008_p1_epoch_10_object.ckpt,['/opt/workspace/explorer-env/dataset/ag_data/data/world_model/quentinll/lewm-reacher/ckpt/reacher_lewm_noise_0to008_p1'],84.0,82.0,0.08880907729496679,true,ok,0.08,16,5
4,0.9,0.062627874314785,0.39957308769226074,8.07893180847168,horizon_weighted_stacked_l2_v2,per_anchor_mean_then_checkpoint_quantile,LeWM,Reacher,3072,endpoint,0.08,reacher_lewm_noise_0to008_p1,/opt/workspace/explorer-env/dataset/ag_data/data/world_model/quentinll/lewm-reacher/ckpt/reacher_lewm_noise_0to008_p1,/opt/workspace/explorer-env/dataset/ag_data/data/world_model/quentinll/lewm-reacher/ckpt/reacher_lewm_noise_0to008_p1/reacher_lewm_noise_0to008_p1_epoch_10_object.ckpt,['/opt/workspace/explorer-env/dataset/ag_data/data/world_model/quentinll/lewm-reacher/ckpt/reacher_lewm_noise_0to008_p1'],84.0,82.0,0.08880907729496679,true,ok,0.08,16,5
4,0.95,0.06981335580348969,0.424650639295578,8.07893180847168,horizon_weighted_stacked_l2_v2,per_anchor_mean_then_checkpoint_quantile,LeWM,Reacher,3072,endpoint,0.08,reacher_lewm_noise_0to008_p1,/opt/workspace/explorer-env/dataset/ag_data/data/world_model/quentinll/lewm-reacher/ckpt/reacher_lewm_noise_0to008_p1,/opt/workspace/explorer-env/dataset/ag_data/data/world_model/quentinll/lewm-reacher/ckpt/reacher_lewm_noise_0to008_p1/reacher_lewm_noise_0to008_p1_epoch_10_object.ckpt,['/opt/workspace/explorer-env/dataset/ag_data/data/world_model/quentinll/lewm-reacher/ckpt/reacher_lewm_noise_0to008_p1'],84.0,82.0,0.08880907729496679,true,ok,0.08,16,5
8,0.8,0.04606121778488159,0.3801710605621338,7.635215759277344,horizon_weighted_stacked_l2_v2,per_anchor_mean_then_checkpoint_quantile,LeWM,Reacher,3072,endpoint,0.08,reacher_lewm_noise_0to008_p1,/opt/workspace/explorer-env/dataset/ag_data/data/world_model/quentinll/lewm-reacher/ckpt/reacher_lewm_noise_0to008_p1,/opt/workspace/explorer-env/dataset/ag_data/data/world_model/quentinll/lewm-reacher/ckpt/reacher_lewm_noise_0to008_p1/reacher_lewm_noise_0to008_p1_epoch_10_object.ckpt,['/opt/workspace/explorer-env/dataset/ag_data/data/world_model/quentinll/lewm-reacher/ckpt/reacher_lewm_noise_0to008_p1'],84.0,82.0,0.08880907729496679,true,ok,0.08,16,5
8,0.9,0.06861504167318344,0.3989827632904053,7.635215759277344,horizon_weighted_stacked_l2_v2,per_anchor_mean_then_checkpoint_quantile,LeWM,Reacher,3072,endpoint,0.08,reacher_lewm_noise_0to008_p1,/opt/workspace/explorer-env/dataset/ag_data/data/world_model/quentinll/lewm-reacher/ckpt/reacher_lewm_noise_0to008_p1,/opt/workspace/explorer-env/dataset/ag_data/data/world_model/quentinll/lewm-reacher/ckpt/reacher_lewm_noise_0to008_p1/reacher_lewm_noise_0to008_p1_epoch_10_object.ckpt,['/opt/workspace/explorer-env/dataset/ag_data/data/world_model/quentinll/lewm-reacher/ckpt/reacher_lewm_noise_0to008_p1'],84.0,82.0,0.08880907729496679,true,ok,0.08,16,5
8,0.95,0.07565032690763474,0.41260361671447754,7.635215759277344,horizon_weighted_stacked_l2_v2,per_anchor_mean_then_checkpoint_quantile,LeWM,Reacher,3072,endpoint,0.08,reacher_lewm_noise_0to008_p1,/opt/workspace/explorer-env/dataset/ag_data/data/world_model/quentinll/lewm-reacher/ckpt/reacher_lewm_noise_0to008_p1,/opt/workspace/explorer-env/dataset/ag_data/data/world_model/quentinll/lewm-reacher/ckpt/reacher_lewm_noise_0to008_p1/reacher_lewm_noise_0to008_p1_epoch_10_object.ckpt,['/opt/workspace/explorer-env/dataset/ag_data/data/world_model/quentinll/lewm-reacher/ckpt/reacher_lewm_noise_0to008_p1'],84.0,82.0,0.08880907729496679,true,ok,0.08,16,5
