task,rho,n_training_seeds,clean_eval_score_mean,clean_eval_score_pstdev,obs_sigma_008_score_mean,obs_sigma_008_score_pstdev,recovery_label_rate,atr_normalized_q90_mean,atr_normalized_q90_pstdev,smpr_delta010_mean,smpr_delta010_pstdev,proxy_gap_q50q90_mean,proxy_gap_q50q90_pstdev,proxy_gap_positive_rate,top1_agree_mean,top1_agree_pstdev,cert_pass_rate_mean,notes
TwoRoom,0.00,3,94.66666666666667,0.72008250556092,68.77777788888889,2.4545248012599146,0.0,1.0,0.0,0.11475409070650737,0.023183825839746135,-266.5171432495117,16.944883959830126,0.0,0.20666666825612387,0.0385861136723444,,cert_pass_rate unavailable without sample-level max-cost-drift traces
TwoRoom,0.01,3,94.88888888888889,1.0999437134870003,93.44444466666667,2.078698518512057,0.6666666666666666,0.6628096896917266,0.08863076502876152,0.6393442253271738,0.22034801790358519,-70.28016408284505,33.593062808955494,0.0,0.5100000003973643,0.04546061256189082,,cert_pass_rate unavailable without sample-level max-cost-drift traces
TwoRoom,0.02,3,95.77777766666667,1.0999437247108985,95.44444444444444,1.5713486383390423,1.0,0.28973874703867464,0.015017516238222188,0.9672130346298218,0.0,34.927605946858726,6.346174547993232,1.0,0.763333335518837,0.01699672719206236,,cert_pass_rate unavailable without sample-level max-cost-drift traces
TwoRoom,0.03,3,95.11111111111111,0.8748898061125053,95.111111,1.3425607281020855,1.0,0.20002728902698538,0.01013316983433176,0.9672130346298218,0.0,55.666395823160805,14.082061907000242,1.0,0.8499999990065893,0.01414213618568893,,cert_pass_rate unavailable without sample-level max-cost-drift traces
TwoRoom,0.04,3,95.88888877777778,0.41573985812002,95.88888888888889,0.5665577891046413,1.0,0.1288784750256471,0.005206688223968959,0.9836065173149109,0.0,60.2847703297933,4.092402816895705,1.0,0.9066666687528292,0.026246690907376382,,cert_pass_rate unavailable without sample-level max-cost-drift traces
TwoRoom,0.05,3,96.111111,1.498970972136776,95.88888877777778,1.547598809147288,1.0,0.09275233481726126,0.011679909802999329,0.989070991675059,0.007727933751361501,67.59381357828777,4.4603404970696765,1.0,0.940000000099341,0.008164965626776101,,cert_pass_rate unavailable without sample-level max-cost-drift traces
TwoRoom,0.06,3,96.00000022222223,1.6996731276162385,95.77777777777777,1.5475984342135751,1.0,0.06806496503470354,0.008935142867902904,0.989070991675059,0.007727933751361501,65.3524211247762,6.903688676541104,1.0,0.9466666666169962,0.004714044224483851,,cert_pass_rate unavailable without sample-level max-cost-drift traces
TwoRoom,0.07,3,96.44444433333334,0.6285392039198668,96.44444455555556,0.3142697590948061,1.0,0.06843052957563378,0.002378992677050191,0.9836065173149109,0.0,57.50000445048014,4.501008424235315,1.0,0.9366666662196318,0.00942809020508639,,cert_pass_rate unavailable without sample-level max-cost-drift traces
TwoRoom,0.08,3,97.22222211111111,0.8314795380658779,97.11111088888889,0.5665578326859542,1.0,0.07009092243011944,0.019562794459322,0.9781420230865479,0.007727961849260508,53.45847415924072,2.21286946685463,1.0,0.960000000273188,0.008164966387197763,,cert_pass_rate unavailable without sample-level max-cost-drift traces
PushT,0.00,3,81.77777777777777,4.886362983843559,7.222222111111111,5.8139889347446605,0.0,1.0,0.0,0.27551019688447315,0.10926787087222167,-198.43529764811197,86.87910520247108,0.0,0.10999999443689983,0.08286537430580108,,cert_pass_rate unavailable without sample-level max-cost-drift traces
PushT,0.01,3,85.888889,1.4989707497619815,37.888888888888886,12.368817654603836,0.0,0.5951208194299261,0.05955709402194146,0.7993197043736776,0.1760183543384716,-28.895713806152344,46.65582627190529,0.3333333333333333,0.5833333333333334,0.14383632999582777,,cert_pass_rate unavailable without sample-level max-cost-drift traces
PushT,0.02,3,87.33333344444445,0.7200821969542021,62.66666655555556,11.98455791301333,0.3333333333333333,0.3607881043886589,0.035182314113462024,0.9693877498308817,0.014430771853241037,38.947916666666664,44.315389576723746,0.6666666666666666,0.823333332935969,0.11614167822118167,,cert_pass_rate unavailable without sample-level max-cost-drift traces
PushT,0.03,3,89.6666668888889,1.571348398669499e-07,82.44444466666667,1.6629588682618972,1.0,0.17737829597321508,0.04005848837500763,1.0,0.0,106.96358489990234,7.676432405822333,1.0,0.9366666668405136,0.028674418503758327,,cert_pass_rate unavailable without sample-level max-cost-drift traces
PushT,0.04,3,89.11111111111111,0.8314794192830977,86.55555555555556,0.15713507596600043,1.0,0.12674765024974202,0.020409294445450626,1.0,0.0,115.57609621683757,3.6215017231327473,1.0,0.933333333581686,0.004714045980602539,,cert_pass_rate unavailable without sample-level max-cost-drift traces
PushT,0.05,3,83.9999998888889,3.030707068215823,81.11111111111111,3.034777633361411,0.6666666666666666,0.12245676252949933,0.032876928694137955,1.0,0.0,98.57863680521648,6.064939033206791,1.0,0.9366666674613953,0.012472190346720811,,cert_pass_rate unavailable without sample-level max-cost-drift traces
PushT,0.06,3,88.22222211111111,1.3425608200582875,86.77777755555556,0.6285395181895532,1.0,0.10709839973887032,0.03893149616560475,1.0,0.0,109.82135009765625,28.301368686256065,1.0,0.9566666676352421,0.028674416915885577,,cert_pass_rate unavailable without sample-level max-cost-drift traces
PushT,0.07,3,86.44444455555556,0.8748899190014683,84.0,0.2721652548103785,1.0,0.07254334853202778,0.01805758803223038,1.0,0.0,112.84614499409993,3.4239086797695664,1.0,0.9633333335320154,0.009428091083145735,,cert_pass_rate unavailable without sample-level max-cost-drift traces
PushT,0.08,3,86.88888911111111,1.5947443542949358,85.77777766666667,3.4462360430181724,1.0,0.06853496636836466,0.009761625087260016,1.0,0.0,117.73607381184895,10.213202554456574,1.0,0.9733333339293798,0.00942809020508639,,cert_pass_rate unavailable without sample-level max-cost-drift traces
Reacher,0.00,3,59.22222222222222,1.0304023066648855,18.222222444444444,0.41573967994588396,0.0,1.0,0.0,0.37333332498868305,0.03858612311228215,-417.3200276692708,5.380500700157044,0.0,0.09666665395100911,0.016996742777973455,,cert_pass_rate unavailable without sample-level max-cost-drift traces
Reacher,0.01,3,62.66666655555555,1.1863418719058427,44.55555555555556,2.5724082006200497,0.0,0.834214320071662,0.03552665756275784,0.6766666571299235,0.05906681688646985,-250.724334081014,31.045099576376643,0.0,0.3700000047683716,0.07118053753447094,,cert_pass_rate unavailable without sample-level max-cost-drift traces
Reacher,0.02,3,77.00000022222223,6.182412174572019,70.33333355555555,9.463379554503383,0.3333333333333333,0.2843073399603414,0.2522054782913034,0.9633332888285319,0.030912060023394586,-56.79968023300171,68.32826676251636,0.3333333333333333,0.8099999992797772,0.1606237869458092,,cert_pass_rate unavailable without sample-level max-cost-drift traces
Reacher,0.03,3,78.22222222222223,1.6629588385661966,76.77777788888889,4.166296383546854,1.0,0.08108406994282837,0.010026559176078897,0.9899999499320984,0.0,-6.689947128295898,3.770512425715227,0.0,0.960000000273188,0.008164966387197763,,cert_pass_rate unavailable without sample-level max-cost-drift traces
Reacher,0.04,3,81.77777766666667,1.594744555573366,80.55555566666666,1.0304019592037306,1.0,0.04454121901018071,0.003018625280245666,0.9899999499320984,0.0,4.789068857828776,1.2500096156251777,1.0,0.9800000004470348,0.008164965626776053,,cert_pass_rate unavailable without sample-level max-cost-drift traces
Reacher,0.05,3,76.44444433333334,4.565030726168688,77.77777766666667,5.665577128371908,0.6666666666666666,0.028749466994901687,0.008981475243105427,1.0,0.0,5.38505204518636,0.9489958866983658,1.0,0.9633333341528972,0.004714045102543195,,cert_pass_rate unavailable without sample-level max-cost-drift traces
Reacher,0.06,3,82.222222,2.793290170266719,80.66666677777778,1.186342121662067,1.0,0.027777915693412807,0.00042540224153621656,0.9933332999547323,0.004714068810145483,8.901650746663412,0.25454129207894705,1.0,0.9900000002235174,0.0,,cert_pass_rate unavailable without sample-level max-cost-drift traces
Reacher,0.07,3,82.11111122222222,2.1998878422589074,83.33333322222222,1.088662107903648,1.0,0.02550962599657137,0.0010816173622925555,0.9933332999547323,0.004714068810145483,9.714690526326498,1.214336238864255,1.0,0.9966666667411724,0.004714045102543195,,cert_pass_rate unavailable without sample-level max-cost-drift traces
Reacher,0.08,3,81.33333333333333,2.325383441101323,81.55555533333333,0.874889820223604,1.0,0.022787086245157413,0.0008302502784071485,1.0,0.0,11.593287626902262,0.7759111389588043,1.0,0.9833333337058624,0.00942809020508639,,cert_pass_rate unavailable without sample-level max-cost-drift traces
Cube,0.00,3,65.22222222222223,1.0999438818457425,43.111111,3.2697642079068436,0.0,1.0,0.0,0.0733333316942056,0.00942809020508639,-314.6528625488281,8.912288106539329,0.0,0.08666668335596721,0.03299831308362434,,cert_pass_rate unavailable without sample-level max-cost-drift traces
Cube,0.01,3,66.77777777777777,1.812167401582451,48.777777666666665,0.3142698376621932,0.0,0.77249424216063,0.06316443768319237,0.3399999837080638,0.10614455256314899,-185.0696767171224,43.59260925510447,0.0,0.3433333436648051,0.09741093569807874,,cert_pass_rate unavailable without sample-level max-cost-drift traces
Cube,0.02,3,63.666666666666664,2.6246692913372702,56.66666655555556,3.067149877389493,0.0,0.31636231585097135,0.2196376519336692,0.8666666547457377,0.15456031725652958,-29.419572512308758,66.54397910460641,0.3333333333333333,0.760000005364418,0.19595917504262528,,cert_pass_rate unavailable without sample-level max-cost-drift traces
Cube,0.03,3,64.55555533333333,1.662958868261894,65.99999977777777,1.6996733237323667,1.0,0.2567480856247335,0.005811288977818554,0.9799999594688416,0.008164958022559074,3.9904556274414062,15.64707510848249,0.6666666666666666,0.9233333331843218,0.016996732793248467,,cert_pass_rate unavailable without sample-level max-cost-drift traces
Cube,0.04,3,68.11111133333334,1.0304019592037306,64.111111,0.8314793895874185,1.0,0.13544193165231308,0.009384801391371045,1.0,0.0,44.9526735941569,10.500985734216062,1.0,0.9700000006705523,0.008164965626776053,,cert_pass_rate unavailable without sample-level max-cost-drift traces
Cube,0.05,3,62.666666444444445,3.3993462334417806,63.55555566666667,2.528846020921577,0.6666666666666666,0.050050483362402455,0.02888187918772459,1.0,0.0,56.47082773844401,14.924973003004277,1.0,0.9966666667411724,0.004714045102543195,,cert_pass_rate unavailable without sample-level max-cost-drift traces
Cube,0.06,3,65.9999998888889,1.186342184101117,64.88888888888889,1.8525926444237317,1.0,0.04335930255461173,0.00228579110165291,1.0,0.0,75.58984247843425,4.6591899806984305,1.0,0.993333333482345,0.00942809020508639,,cert_pass_rate unavailable without sample-level max-cost-drift traces
Cube,0.07,3,64.66666688888888,2.1602467451659404,65.22222244444444,1.5475985458959565,1.0,0.03525060027611093,0.0022547237562940943,1.0,0.0,80.51717058817546,6.247968160920574,1.0,0.9966666667411724,0.004714045102543195,,cert_pass_rate unavailable without sample-level max-cost-drift traces
Cube,0.08,3,61.66666677777778,3.569417547672122,62.55555566666667,1.547598849033849,0.3333333333333333,0.032470967132597124,0.00045745543981031187,1.0,0.0,66.84612083435059,11.982329622279751,1.0,0.9966666667411724,0.004714045102543195,,cert_pass_rate unavailable without sample-level max-cost-drift traces
