alignment_coefficient,alignment_coefficient_deprecated_alias_of,atr_normalized_q90,atr_q90,checkpoint_type,clean_success,composed_trace,composed_trace_mean_ci95_unclipped,composed_trace_per_pixel_dim,composed_trace_std,data_io_time,embedding_space,encoder_trace,encoder_trace_mean_ci95_unclipped,encoder_trace_per_pixel_dim,encoder_trace_std,finite_probe_interval_method,fixed_pool_time,history_size,horizon_weighting,horizon_weights,hutchinson_probes,jvp_time,kappa_epsilon,kappa_latent_dimension_semantics,kappa_relative_isotropic,kappa_relative_isotropic_per_probe,kappa_relative_isotropic_probe_ci95_unclipped,kappa_relative_isotropic_probe_mean,kappa_submultiplicative,kappa_submultiplicative_per_probe,kappa_submultiplicative_probe_ci95_unclipped,kappa_submultiplicative_probe_mean,latent_feature_dim,latent_input_dim,latent_sequence_dim,model_family,model_file,model_load_time,model_search_dirs,n_sequences,notes,peak_gpu_memory,peak_gpu_memory_unit,pixel_input_dim,pixels_std0.08_success,recovery_label,rollout_horizon,rollout_horizon_actual,rollout_normalization,rollout_output_dim,rollout_projection,rollout_trace,rollout_trace_mean_ci95_unclipped,rollout_trace_per_latent_dim,rollout_trace_std,rollout_vectorization,run_path,runtime_dependency_setup_time,smpr_delta0,status,std_key,subdir,task,timing_unit,training_seed,wall_time_per_row,checkpoint_sha256
3.602606528175153,kappa_relative_isotropic,1.0,1.5144974763039856,base,94.0,39380.16357421875,"[28505.750965157924, 50254.576183279576]",0.005450282169848072,14679.077253816326,2.3803954422473907,normalized,188704.826171875,"[182627.31486488768, 194782.33747886232]",0.02611707154315075,8203.869136975312,"unclipped normal mean interval using sample standard error; descriptive Monte Carlo uncertainty, not a formal coverage guarantee",,3,uniform alpha_k=1/H applied as sqrt(alpha_k),"[0.125, 0.125, 0.125, 0.125, 0.125, 0.125, 0.125, 0.125]",8,6.493314849212766,1e-12,batch_size * history_size * latent_feature_dim,3.602606528175153,"[3.3383078506995134, 3.7900474827318025, 1.9801979639028777, 6.174431284276866, 8.13385877701386, 2.5948653370140065, 3.258281653603706, 3.0912549958999405]","[2.6174728325257393, 5.472838503759903]",4.045155668142821,0.00039090782640789423,"[0.00036222958449430483, 0.0004112464716505862, 0.00021486523045821155, 0.0006699686723390697, 0.0008825801624363997, 0.0002815609089641934, 0.0003535461863719299, 0.00033542263410372617]","[0.000284013979223713, 0.0005938409834808923]",0.00043892748135230267,192,9216,576,LeWM,/opt/workspace/explorer-env/dataset/ag_data/data/world_model/quentinll/lewm-tworooms/ckpt/tworoom_lewm_20260430/tworoom_lewm_20260430_epoch_10_object.ckpt,0.2459979597479105,['/opt/workspace/explorer-env/dataset/ag_data/data/world_model/quentinll/lewm-tworooms/ckpt/tworoom_lewm_20260430'],16,exact autograd JVP with unclipped Hutchinson trace estimates and finite-probe intervals; not a full Jacobian matrix or closed-loop guarantee,1857850368,bytes,7225344,65.66666666666667,false,8,8,none before per-anchor radius normalization,24576,identity in the selected embedding_space,533.8511009216309,"[380.86674988623895, 686.8354519570228]",0.057926551749308906,206.50946292053766,"batch-major canonical weighted stack of (H, D) into (H*D)",/opt/workspace/explorer-env/dataset/ag_data/data/world_model/quentinll/lewm-tworooms/ckpt/tworoom_lewm_20260430,22.00933365151286,0.31147539615631104,ok,0.00,tworoom_lewm_20260430,TwoRoom,seconds,3072,31.361539347097278,81a8ad466420eeec7d79d59338c8da2e3b551c56e8ff154ae8409efade6bad02
3.3904414069242774,kappa_relative_isotropic,0.6903054430293876,1.0454658513469122,onset,93.66666666666667,5105.539794921875,"[3590.7016605389977, 6620.377929304752]",0.0007066154628654186,2044.839275558233,2.107855072245002,normalized,23089.26025390625,"[22252.190129597344, 23926.330378215156]",0.0031955932138187813,1129.9384585935168,"unclipped normal mean interval using sample standard error; descriptive Monte Carlo uncertainty, not a formal coverage guarantee",,3,uniform alpha_k=1/H applied as sqrt(alpha_k),"[0.125, 0.125, 0.125, 0.125, 0.125, 0.125, 0.125, 0.125]",8,5.006622178480029,1e-12,batch_size * history_size * latent_feature_dim,3.3904414069242774,"[4.318817484048432, 8.970337270855044, 3.233554348332975, 2.7398003886025064, 3.404411147391464, 2.354615789775222, 1.7235124370311135, 3.5139587602093374]","[2.2310191861434543, 5.33373272041807]",3.782375953280762,0.0003678864373832766,"[0.00046862168880733854, 0.0009733438878965976, 0.0003508631020326579, 0.0002972873685549595, 0.00036940225123605297, 0.0002554921646891517, 0.0001870130682542441, 0.00038128892797410346]","[0.00024208107488535744, 0.000578747039975919]",0.0004104140574306382,192,9216,576,LeWM,/opt/workspace/explorer-env/dataset/ag_data/data/world_model/quentinll/lewm-tworooms/ckpt/tworoom_lewm_noise_0to001_p1/tworoom_lewm_noise_0to001_p1_epoch_10_object.ckpt,0.0841533038765192,['/opt/workspace/explorer-env/dataset/ag_data/data/world_model/quentinll/lewm-tworooms/ckpt/tworoom_lewm_noise_0to001_p1'],16,exact autograd JVP with unclipped Hutchinson trace estimates and finite-probe intervals; not a full Jacobian matrix or closed-loop guarantee,2046724096,bytes,7225344,94.0,true,8,8,none before per-anchor radius normalization,24576,identity in the selected embedding_space,601.06005859375,"[446.0166140883665, 756.1035030991335]",0.06521919038560656,209.28897784290228,"batch-major canonical weighted stack of (H, D) into (H*D)",/opt/workspace/explorer-env/dataset/ag_data/data/world_model/quentinll/lewm-tworooms/ckpt/tworoom_lewm_noise_0to001_p1,4.434958100318909e-06,0.7540982961654663,ok,0.01,tworoom_lewm_noise_0to001_p1,TwoRoom,seconds,3072,7.237181195989251,7308b4b8e5e9c28461f991d5a5d01cb8a346c7cd67bd43608dbf7f00b6f6d701
2.105821297644928,kappa_relative_isotropic,0.06170882726873793,0.09345786316418216,endpoint,98.33333333333333,67.25178146362305,"[56.059837172056405, 78.44372575518969]",9.307761881458246e-06,15.107704736109337,2.1250723134726286,normalized,504.83881759643555,"[446.76170029324055, 562.9159348996305]",6.98705580795095e-05,78.39673941213275,"unclipped normal mean interval using sample standard error; descriptive Monte Carlo uncertainty, not a formal coverage guarantee",,3,uniform alpha_k=1/H applied as sqrt(alpha_k),"[0.125, 0.125, 0.125, 0.125, 0.125, 0.125, 0.125, 0.125]",8,5.8583042081445456,1e-12,batch_size * history_size * latent_feature_dim,2.105821297644928,"[2.607238310759949, 3.06461633312855, 1.1811686779979658, 1.8430500318134673, 1.5782685428463084, 2.7674607038639047, 3.1498712134559756, 1.9484350720126404]","[1.7625878821903473, 2.7724393392793427]",2.267513610734845,0.0002284962345534861,"[0.00028290346253905695, 0.0003325321542023166, 0.00012816500412304315, 0.00019998372741031545, 0.00017125309709703867, 0.00030028870484634384, 0.00034178290076562236, 0.00021141873611248268]","[0.000191253025411279, 0.0003008289213627759]",0.00024604097338702744,192,9216,576,LeWM,/opt/workspace/explorer-env/dataset/ag_data/data/world_model/quentinll/lewm-tworooms/ckpt/tworoom_lewm_noise_0to008_p1/tworoom_lewm_noise_0to008_p1_epoch_10_object.ckpt,0.06274762004613876,['/opt/workspace/explorer-env/dataset/ag_data/data/world_model/quentinll/lewm-tworooms/ckpt/tworoom_lewm_noise_0to008_p1'],16,exact autograd JVP with unclipped Hutchinson trace estimates and finite-probe intervals; not a full Jacobian matrix or closed-loop guarantee,2046724096,bytes,7225344,97.66666666666667,true,8,8,none before per-anchor radius normalization,24576,identity in the selected embedding_space,583.0046310424805,"[469.93631539535465, 696.0729466896063]",0.06326005111138026,152.6278797771674,"batch-major canonical weighted stack of (H, D) into (H*D)",/opt/workspace/explorer-env/dataset/ag_data/data/world_model/quentinll/lewm-tworooms/ckpt/tworoom_lewm_noise_0to008_p1,2.162531018257141e-06,0.9999999403953552,ok,0.08,tworoom_lewm_noise_0to008_p1,TwoRoom,seconds,3072,8.086105598136783,a1b2c7804e5b8a1db3e992a51c5938cfebdd1aa9da66fa7dfa413da583cf45ed
2.940043533417162,kappa_relative_isotropic,1.0,1.5172889279112693,base,94.333333,29365.6318359375,"[24073.14948281129, 34658.11418906371]",0.0040642538038240805,7144.179655392793,2.063458550721407,normalized,129620.396484375,"[121778.05339214619, 137462.7395766038]",0.017939685153312422,10586.168121470779,"unclipped normal mean interval using sample standard error; descriptive Monte Carlo uncertainty, not a formal coverage guarantee",,3,uniform alpha_k=1/H applied as sqrt(alpha_k),"[0.125, 0.125, 0.125, 0.125, 0.125, 0.125, 0.125, 0.125]",8,6.333465116098523,1e-12,batch_size * history_size * latent_feature_dim,2.940043533417162,"[2.468497836999161, 3.2210220965961023, 2.9711124258587347, 4.289411101540934, 2.142397867374183, 3.8930284971201026, 3.643877026248467, 1.9404416555654382]","[2.484134195405784, 3.6583129314199967]",3.0712235634128904,0.00031901514034474415,"[0.0002678491576604992, 0.0003495032656896812, 0.0003223863309308523, 0.0004654308920942854, 0.00023246504637306674, 0.00042242062685765, 0.0003953859620495299, 0.0002105513949181248]","[0.00026954581113344014, 0.0003969523580099823]",0.0003332490845717112,192,9216,576,LeWM,/opt/workspace/explorer-env/dataset/ag_data/data/world_model/quentinll/lewm-tworooms/ckpt/tworoom_lewm_baseline_seed3073/tworoom_lewm_baseline_seed3073_epoch_10_object.ckpt,0.16010192595422268,['/opt/workspace/explorer-env/dataset/ag_data/data/world_model/quentinll/lewm-tworooms/ckpt/tworoom_lewm_baseline_seed3073'],16,exact autograd JVP with unclipped Hutchinson trace estimates and finite-probe intervals; not a full Jacobian matrix or closed-loop guarantee,1857850368,bytes,7225344,71.666667,false,8,8,none before per-anchor radius normalization,24576,identity in the selected embedding_space,710.1575508117676,"[581.9656806210736, 838.3494210024616]",0.0770570259127352,173.04275950247472,"batch-major canonical weighted stack of (H, D) into (H*D)",/opt/workspace/explorer-env/dataset/ag_data/data/world_model/quentinll/lewm-tworooms/ckpt/tworoom_lewm_baseline_seed3073,17.611245153471828,0.2950819432735443,ok,0.00,tworoom_lewm_baseline_seed3073,TwoRoom,seconds,3073,26.310120962560177,c05b459e293b20a84be895cfe0506dfed205b5695dc27d05d1fea0d0a319ef5f
3.5052629252886316,kappa_relative_isotropic,0.7957834423161281,1.2074334060413774,onset,96.333333,5353.486267089844,"[4388.768687006417, 6318.20384717327]",0.0007409316798051199,1302.2463277106044,2.0225595086812973,normalized,23366.1064453125,"[22445.380356643618, 24286.832533981382]",0.00323390920145982,1242.8633960342165,"unclipped normal mean interval using sample standard error; descriptive Monte Carlo uncertainty, not a formal coverage guarantee",,3,uniform alpha_k=1/H applied as sqrt(alpha_k),"[0.125, 0.125, 0.125, 0.125, 0.125, 0.125, 0.125, 0.125]",8,5.007581684738398,1e-12,batch_size * history_size * latent_feature_dim,3.5052629252886316,"[4.6150213892245, 2.574513510729868, 2.1184701512607966, 4.643991860128957, 3.283919540207168, 3.9580437908096595, 3.786941393374122, 4.9948543371644245]","[3.0343553441545756, 4.459583649070298]",3.746969496612437,0.00038034536949746434,"[0.0005007618694905057, 0.0002793525944802374, 0.0002298687230100691, 0.0005039053667674649, 0.0003563280751092847, 0.000429475237718062, 0.0004109094393852129, 0.0005419763820707925]","[0.0003292486267528837, 0.00048389579525502365]",0.0004065722110039537,192,9216,576,LeWM,/opt/workspace/explorer-env/dataset/ag_data/data/world_model/quentinll/lewm-tworooms/ckpt/tworoom_lewm_noise_0to001_p1_seed3073/tworoom_lewm_noise_0to001_p1_seed3073_epoch_10_object.ckpt,0.091744065284729,['/opt/workspace/explorer-env/dataset/ag_data/data/world_model/quentinll/lewm-tworooms/ckpt/tworoom_lewm_noise_0to001_p1_seed3073'],16,exact autograd JVP with unclipped Hutchinson trace estimates and finite-probe intervals; not a full Jacobian matrix or closed-loop guarantee,2046724096,bytes,7225344,95.666667,true,8,8,none before per-anchor radius normalization,24576,identity in the selected embedding_space,602.3823089599609,"[451.59392173468416, 753.1706961852377]",0.06536266373263465,203.5451904054037,"batch-major canonical weighted stack of (H, D) into (H*D)",/opt/workspace/explorer-env/dataset/ag_data/data/world_model/quentinll/lewm-tworooms/ckpt/tworoom_lewm_noise_0to001_p1_seed3073,2.64681875705719e-06,0.6393442153930664,ok,0.01,tworoom_lewm_noise_0to001_p1_seed3073,TwoRoom,seconds,3073,7.161947902292013,7ecb71e35b6b64163ddee7b5007e66061d59744ecadffe09f30e3509a515c242
1.7058948302894705,kappa_relative_isotropic,0.08707776264008378,0.1321221251210847,endpoint,97.0,195.6872329711914,"[139.30522431650206, 252.06924162588075]",2.7083448617974645e-05,76.10855781561197,1.9290276039391756,normalized,697.6445770263672,"[664.6876354805677, 730.6015185721667]",9.65552058180714e-05,44.48768944055001,"unclipped normal mean interval using sample standard error; descriptive Monte Carlo uncertainty, not a formal coverage guarantee",,3,uniform alpha_k=1/H applied as sqrt(alpha_k),"[0.125, 0.125, 0.125, 0.125, 0.125, 0.125, 0.125, 0.125]",8,5.4962722938507795,1e-12,batch_size * history_size * latent_feature_dim,1.7058948302894705,"[3.3069724692465945, 0.9892598466494982, 1.1155940183911037, 2.7354872472075096, 2.5279990338376437, 2.636456144513988, 2.816647393886427, 0.6338229866617691]","[1.3926087599029824, 2.797951025195651]",2.095279892549317,0.00018510143557828456,"[0.0003588294779998475, 0.00010734156322151674, 0.00012104969817611802, 0.0002968193627612315, 0.0002743054507202304, 0.0002860738004029935, 0.0003056258022880238, 6.877419560132042e-05]","[0.0001511077213436396, 0.0003035971164491809]",0.00022735241889641024,192,9216,576,LeWM,/opt/workspace/explorer-env/dataset/ag_data/data/world_model/quentinll/lewm-tworooms/ckpt/tworoom_lewm_noise_0to008_p1_seed3073/tworoom_lewm_noise_0to008_p1_seed3073_epoch_10_object.ckpt,0.06650960817933083,['/opt/workspace/explorer-env/dataset/ag_data/data/world_model/quentinll/lewm-tworooms/ckpt/tworoom_lewm_noise_0to008_p1_seed3073'],16,exact autograd JVP with unclipped Hutchinson trace estimates and finite-probe intervals; not a full Jacobian matrix or closed-loop guarantee,2046724096,bytes,7225344,97.333333,true,8,8,none before per-anchor radius normalization,24576,identity in the selected embedding_space,1515.3692932128906,"[783.1074721016979, 2247.6311143240832]",0.16442809171146816,988.4605475752463,"batch-major canonical weighted stack of (H, D) into (H*D)",/opt/workspace/explorer-env/dataset/ag_data/data/world_model/quentinll/lewm-tworooms/ckpt/tworoom_lewm_noise_0to008_p1_seed3073,4.092231392860413e-06,0.9836065173149109,ok,0.08,tworoom_lewm_noise_0to008_p1_seed3073,TwoRoom,seconds,3073,7.542150113731623,421206f8723f5a94e464484033109a4cd5f6997b29cda479bf25618513951b11
3.138915550034996,kappa_relative_isotropic,1.0,1.4947153046014692,base,95.666667,30365.524658203125,"[26112.52112360249, 34618.52819280376]",0.004202640685094457,5741.015141648963,2.365591598674655,normalized,130854.6103515625,"[126167.06931945682, 135542.15138366818]",0.01811050246902604,6327.585628246264,"unclipped normal mean interval using sample standard error; descriptive Monte Carlo uncertainty, not a formal coverage guarantee",,3,uniform alpha_k=1/H applied as sqrt(alpha_k),"[0.125, 0.125, 0.125, 0.125, 0.125, 0.125, 0.125, 0.125]",8,7.008316086605191,1e-12,batch_size * history_size * latent_feature_dim,3.138915550034996,"[3.430101850603425, 3.2614114577393054, 2.109759228570044, 3.1209496579315923, 4.716727316214838, 2.3899396306825893, 2.8539073491365157, 3.9308391713800326]","[2.6495106833233724, 3.803898232241213]",3.2267044577822928,0.0003405941352034501,"[0.00037218987094221194, 0.0003538857918553934, 0.00022892352740560377, 0.00033864471114709117, 0.000511797668860117, 0.0002593250467320518, 0.00030966876618234763, 0.00042652334758897924]","[0.0002874903085203312, 0.0004127493741581178]",0.0003501198413392245,192,9216,576,LeWM,/opt/workspace/explorer-env/dataset/ag_data/data/world_model/quentinll/lewm-tworooms/ckpt/tworoom_lewm_baseline_seed3074/tworoom_lewm_baseline_seed3074_epoch_10_object.ckpt,0.14861006662249565,['/opt/workspace/explorer-env/dataset/ag_data/data/world_model/quentinll/lewm-tworooms/ckpt/tworoom_lewm_baseline_seed3074'],16,exact autograd JVP with unclipped Hutchinson trace estimates and finite-probe intervals; not a full Jacobian matrix or closed-loop guarantee,1857850368,bytes,7225344,69.0,false,8,8,none before per-anchor radius normalization,24576,identity in the selected embedding_space,681.3254241943359,"[594.0200242197805, 768.6308241688914]",0.07392853995164235,117.85121247229529,"batch-major canonical weighted stack of (H, D) into (H*D)",/opt/workspace/explorer-env/dataset/ag_data/data/world_model/quentinll/lewm-tworooms/ckpt/tworoom_lewm_baseline_seed3074,19.439342519268394,0.4098360538482666,ok,0.00,tworoom_lewm_baseline_seed3074,TwoRoom,seconds,3074,29.118549913167953,4a536f39666d8b37a27dca953b4892a4a91c0a9c34a001fe145f7089848a7baf
2.546294047020464,kappa_relative_isotropic,0.35296015314397716,0.527574942818781,onset,97.333333,1871.7366943359375,"[1235.9228539835904, 2507.5505346882846]",0.00025905156824864497,858.2680110740995,2.0270549412816763,normalized,7981.718078613281,"[7627.384532713534, 8336.051624513027]",0.0011046834695501392,478.30532837674514,"unclipped normal mean interval using sample standard error; descriptive Monte Carlo uncertainty, not a formal coverage guarantee",,3,uniform alpha_k=1/H applied as sqrt(alpha_k),"[0.125, 0.125, 0.125, 0.125, 0.125, 0.125, 0.125, 0.125]",8,4.997040158137679,1e-12,batch_size * history_size * latent_feature_dim,2.546294047020464,"[0.6465274815804452, 1.3789008499825508, 6.376641857802443, 3.146394686449619, 1.597456014460669, 2.44540614653683, 2.4946793166925616, 5.561409368786366]","[1.5536297729062527, 4.358224157666618]",2.9559269652864355,0.0002762905866992691,"[7.015272152565594e-05, 0.00014962031792345386, 0.0006919099238066887, 0.000341405673442884, 0.00017333507101352746, 0.0002653435488863748, 0.0002706900300230644, 0.000603451537411715]","[0.00016857961945597358, 0.00047289758655236745]",0.0003207386030041705,192,9216,576,LeWM,/opt/workspace/explorer-env/dataset/ag_data/data/world_model/quentinll/lewm-tworooms/ckpt/tworoom_lewm_noise_0to002_p1_seed3074/tworoom_lewm_noise_0to002_p1_seed3074_epoch_10_object.ckpt,0.09116575680673122,['/opt/workspace/explorer-env/dataset/ag_data/data/world_model/quentinll/lewm-tworooms/ckpt/tworoom_lewm_noise_0to002_p1_seed3074'],16,exact autograd JVP with unclipped Hutchinson trace estimates and finite-probe intervals; not a full Jacobian matrix or closed-loop guarantee,2046724096,bytes,7225344,97.666667,true,8,8,none before per-anchor radius normalization,24576,identity in the selected embedding_space,848.7548751831055,"[580.106651464658, 1117.403098901553]",0.0920957980884446,362.6410153664573,"batch-major canonical weighted stack of (H, D) into (H*D)",/opt/workspace/explorer-env/dataset/ag_data/data/world_model/quentinll/lewm-tworooms/ckpt/tworoom_lewm_noise_0to002_p1_seed3074,4.801899194717407e-06,0.8852458596229553,ok,0.02,tworoom_lewm_noise_0to002_p1_seed3074,TwoRoom,seconds,3074,7.151928069069982,0cb5dabe23072dee8a6e473185e4eb2919a3bca74c46a085174d502cee627c7f
2.0223623200527516,kappa_relative_isotropic,0.07227370111702168,0.1080286071798046,endpoint,96.333333,98.2662582397461,"[76.52765576102942, 120.00486071846277]",1.3600218652530052e-05,29.344355106518673,2.01795918866992,normalized,523.3179588317871,"[478.98665638803976, 567.6492612755344]",7.24281029154857e-05,59.84163344987011,"unclipped normal mean interval using sample standard error; descriptive Monte Carlo uncertainty, not a formal coverage guarantee",,3,uniform alpha_k=1/H applied as sqrt(alpha_k),"[0.125, 0.125, 0.125, 0.125, 0.125, 0.125, 0.125, 0.125]",8,5.089694038033485,1e-12,batch_size * history_size * latent_feature_dim,2.0223623200527516,"[1.946966016898577, 3.273702033349332, 1.6015979200873693, 0.8319059434443699, 2.132108884119224, 2.34973305668732, 3.735983144389564, 2.0831479471082863]","[1.6119437318298453, 2.8768425046911656]",2.2443931182605055,0.00021944035590850167,"[0.00021125933343083518, 0.00035521940466030075, 0.00017378449653725797, 9.026757198832138e-05, 0.00023134862023863108, 0.0002549623542412456, 0.0004053801154936593, 0.00022603601856643733]","[0.00017490708895723144, 0.0003121573898319407]",0.00024353223939458608,192,9216,576,LeWM,/opt/workspace/explorer-env/dataset/ag_data/data/world_model/quentinll/lewm-tworooms/ckpt/tworoom_lewm_noise_0to008_p1_seed3074/tworoom_lewm_noise_0to008_p1_seed3074_epoch_10_object.ckpt,0.07778908684849739,['/opt/workspace/explorer-env/dataset/ag_data/data/world_model/quentinll/lewm-tworooms/ckpt/tworoom_lewm_noise_0to008_p1_seed3074'],16,exact autograd JVP with unclipped Hutchinson trace estimates and finite-probe intervals; not a full Jacobian matrix or closed-loop guarantee,2046724096,bytes,7225344,96.333333,true,8,8,none before per-anchor radius normalization,24576,identity in the selected embedding_space,855.7014770507812,"[625.875111600476, 1085.5278425010865]",0.09284955263137817,310.2364325037526,"batch-major canonical weighted stack of (H, D) into (H*D)",/opt/workspace/explorer-env/dataset/ag_data/data/world_model/quentinll/lewm-tworooms/ckpt/tworoom_lewm_noise_0to008_p1_seed3074,2.1401792764663696e-06,0.9836065173149109,ok,0.08,tworoom_lewm_noise_0to008_p1_seed3074,TwoRoom,seconds,3074,7.225711239501834,3cc9d3f0e63497e746f953a66a6da7bba23e1916661ba5c3348f2b99ef79f6a1
8.080414810829618,kappa_relative_isotropic,1.0,3.4252009231417477,base,86.33333333333333,25169.924926757812,"[16362.25103239738, 33977.59882111824]",0.003483560772574678,11889.242221139531,5.24959347769618,normalized,11501.611083984375,"[10994.012901684293, 12009.209266284457]",0.0015918426975911977,685.1931409767589,"unclipped normal mean interval using sample standard error; descriptive Monte Carlo uncertainty, not a formal coverage guarantee",,3,uniform alpha_k=1/H applied as sqrt(alpha_k),"[0.125, 0.125, 0.125, 0.125, 0.125, 0.125, 0.125, 0.125]",8,6.270088817924261,1e-12,batch_size * history_size * latent_feature_dim,8.080414810829618,"[7.963301692605846, 5.131747738181875, 2.184734933300903, 15.27064399933071, 9.902016972390884, 7.050318895359673, 6.489800627558782, 13.167521833755218]","[5.441472878322234, 11.348548794798738]",8.395010836560486,0.0008767811209667555,"[0.000864073534353933, 0.0005568302667298041, 0.00023705891203351813, 0.0016569709200662662, 0.0010744376055111637, 0.000765008560694409, 0.0007041884361500414, 0.0014287675600862867]","[0.0005904375953040618, 0.0012313963536022938]",0.0009109169744531778,192,9216,576,LeWM,/opt/workspace/explorer-env/dataset/ag_data/data/world_model/quentinll/lewm-pusht/ckpt/pusht_lewm_20260430/pusht_lewm_20260430_epoch_10_object.ckpt,0.21287411265075207,['/opt/workspace/explorer-env/dataset/ag_data/data/world_model/quentinll/lewm-pusht/ckpt/pusht_lewm_20260430'],16,exact autograd JVP with unclipped Hutchinson trace estimates and finite-probe intervals; not a full Jacobian matrix or closed-loop guarantee,1857850368,bytes,7225344,4.333333333333333,false,8,8,none before per-anchor radius normalization,24576,identity in the selected embedding_space,2495.927993774414,"[2224.8995754803877, 2766.9564120684404]",0.270825520157814,365.8539760393787,"batch-major canonical weighted stack of (H, D) into (H*D)",/opt/workspace/explorer-env/dataset/ag_data/data/world_model/quentinll/lewm-pusht/ckpt/pusht_lewm_20260430,21.26032606884837,0.4285714328289032,ok,0.00,pusht_lewm_20260430,PushT,seconds,3072,33.19079646654427,8e64200a2572860504b2c8827a8a01eb905731befe81ae2cb6177c4da7cbbf25
1.8824724894308011,kappa_relative_isotropic,0.31477515936675066,1.078168166445085,onset,88.33333333333333,713.5078277587891,"[622.0585787523049, 804.9570767652732]",9.875070692257546e-05,123.44488288509058,5.276449084281921,normalized,913.5586013793945,"[871.6180131950846, 955.4991895637045]",0.00012643807704925807,56.61447253849903,"unclipped normal mean interval using sample standard error; descriptive Monte Carlo uncertainty, not a formal coverage guarantee",,3,uniform alpha_k=1/H applied as sqrt(alpha_k),"[0.125, 0.125, 0.125, 0.125, 0.125, 0.125, 0.125, 0.125]",8,5.758298659697175,1e-12,batch_size * history_size * latent_feature_dim,1.8824724894308011,"[2.306793026635252, 1.1628418395247513, 4.258310902672613, 2.49304792604919, 1.246770416964314, 1.0145988434455508, 2.116462705825106, 6.953550480572673]","[1.2988922500846956, 4.089201785337667]",2.6940470177111813,0.00020426133782886296,"[0.00025030306278594317, 0.00012617641487898778, 0.00046205630454346924, 0.0002705130128091569, 0.00013528324836852365, 0.00011009102033914397, 0.00022965090123970336, 0.000754508515687139]","[0.00014093882921925954, 0.0004437067909437573]",0.0002923228100815084,192,9216,576,LeWM,/opt/workspace/explorer-env/dataset/ag_data/data/world_model/quentinll/lewm-pusht/ckpt/pusht_lewm_noise_0to002_p1/pusht_lewm_noise_0to002_p1_epoch_10_object.ckpt,0.08996503613889217,['/opt/workspace/explorer-env/dataset/ag_data/data/world_model/quentinll/lewm-pusht/ckpt/pusht_lewm_noise_0to002_p1'],16,exact autograd JVP with unclipped Hutchinson trace estimates and finite-probe intervals; not a full Jacobian matrix or closed-loop guarantee,2046724096,bytes,7225344,73.66666666666667,true,8,8,none before per-anchor radius normalization,24576,identity in the selected embedding_space,3823.6326293945312,"[2184.9404826885802, 5462.324776100482]",0.41489069329367745,2212.0264773359786,"batch-major canonical weighted stack of (H, D) into (H*D)",/opt/workspace/explorer-env/dataset/ag_data/data/world_model/quentinll/lewm-pusht/ckpt/pusht_lewm_noise_0to002_p1,4.416331648826599e-06,0.9693877100944519,ok,0.02,pusht_lewm_noise_0to002_p1,PushT,seconds,3072,11.164880303665996,f488bacdeb822466fd1817a9d37b733d81c279dd815788a1ec3977ea69da69c4
3.3461891464170535,kappa_relative_isotropic,0.06545055374120207,0.22418129709450388,endpoint,88.33333333333333,154.48732948303223,"[120.98908374589307, 187.98557522017137]",2.1381311323451482e-05,45.218381417040696,5.279598895460367,normalized,221.51520919799805,"[213.42157554078406, 229.60884285521203]",3.065808481893707e-05,10.925378499923657,"unclipped normal mean interval using sample standard error; descriptive Monte Carlo uncertainty, not a formal coverage guarantee",,3,uniform alpha_k=1/H applied as sqrt(alpha_k),"[0.125, 0.125, 0.125, 0.125, 0.125, 0.125, 0.125, 0.125]",8,5.905037015676498,1e-12,batch_size * history_size * latent_feature_dim,3.3461891464170535,"[2.1172149026153297, 3.9855466412819434, 2.0082985380466356, 2.777902739844993, 5.232866923883783, 7.97419924207294, 2.6016952839444007, 3.921070914275931]","[2.440363106668721, 5.214335689822768]",3.8273493982457447,0.0003630847598108782,"[0.00022973251981503142, 0.000432459487986322, 0.0002179143378956853, 0.00030142173826443067, 0.0005678024005950286, 0.0008652559941485395, 0.0002823020056363282, 0.0004254634238580654]","[0.0002647963440395747, 0.000565791633010283]",0.00041529398852492886,192,9216,576,LeWM,/opt/workspace/explorer-env/dataset/ag_data/data/world_model/quentinll/lewm-pusht/ckpt/pusht_lewm_noise_0to008_p1/pusht_lewm_noise_0to008_p1_epoch_10_object.ckpt,0.06150329299271107,['/opt/workspace/explorer-env/dataset/ag_data/data/world_model/quentinll/lewm-pusht/ckpt/pusht_lewm_noise_0to008_p1'],16,exact autograd JVP with unclipped Hutchinson trace estimates and finite-probe intervals; not a full Jacobian matrix or closed-loop guarantee,2046724096,bytes,7225344,89.0,true,8,8,none before per-anchor radius normalization,24576,identity in the selected embedding_space,1920.7962341308594,"[1378.9172943832632, 2462.6751738784556]",0.20841973026593527,731.467813916068,"batch-major canonical weighted stack of (H, D) into (H*D)",/opt/workspace/explorer-env/dataset/ag_data/data/world_model/quentinll/lewm-pusht/ckpt/pusht_lewm_noise_0to008_p1,2.4065375328063965e-06,1.0,ok,0.08,pusht_lewm_noise_0to008_p1,PushT,seconds,3072,11.273992223665118,6681c42b53d16c5382d783b2482b1c6ef3ce5c82c4d6ef6c4ec050e017bd2522
4.156796961003819,kappa_relative_isotropic,1.0,3.9464090489730728,base,75.0,10288.332702636719,"[8570.80339508081, 12005.862010192628]",0.001423922889019086,2318.446641458116,5.5200842302292585,normalized,13424.671020507812,"[12289.169563154714, 14560.172477860911]",0.0018579974905703885,1532.7828926059765,"unclipped normal mean interval using sample standard error; descriptive Monte Carlo uncertainty, not a formal coverage guarantee",,3,uniform alpha_k=1/H applied as sqrt(alpha_k),"[0.125, 0.125, 0.125, 0.125, 0.125, 0.125, 0.125, 0.125]",8,7.642706511542201,1e-12,batch_size * history_size * latent_feature_dim,4.156796961003819,"[3.6183168761945668, 3.75249251060886, 4.726253832547865, 4.7715070465934115, 4.80700476194883, 2.715885611896163, 3.3106945302443878, 8.802305774062255]","[3.263182703476458, 5.862932532547626]",4.563057618012042,0.00045104133691447685,"[0.00039261250826763965, 0.0004071714963768294, 0.0005128313620386139, 0.0005177416500209865, 0.0005215933986489616, 0.000294692449207483, 0.0003592333474657539, 0.0009551113036091856]","[0.0003540779843181921, 0.0006361688945906713]",0.0004951234394544317,192,9216,576,LeWM,/opt/workspace/explorer-env/dataset/ag_data/data/world_model/quentinll/lewm-pusht/ckpt/pusht_lewm_baseline_seed3073/pusht_lewm_baseline_seed3073_epoch_10_object.ckpt,0.21562165580689907,['/opt/workspace/explorer-env/dataset/ag_data/data/world_model/quentinll/lewm-pusht/ckpt/pusht_lewm_baseline_seed3073'],16,exact autograd JVP with unclipped Hutchinson trace estimates and finite-probe intervals; not a full Jacobian matrix or closed-loop guarantee,1857850368,bytes,7225344,2.0,false,8,8,none before per-anchor radius normalization,24576,identity in the selected embedding_space,1699.1237182617188,"[1266.4906756456658, 2131.7567608777717]",0.1843667229016622,583.9997141384107,"batch-major canonical weighted stack of (H, D) into (H*D)",/opt/workspace/explorer-env/dataset/ag_data/data/world_model/quentinll/lewm-pusht/ckpt/pusht_lewm_baseline_seed3073,23.985688664019108,0.23469386994838715,ok,0.00,pusht_lewm_baseline_seed3073,PushT,seconds,3073,37.57349416427314,be0bdec81f1cd7ed2404f519924a6440d9b85dbbf1a1556dab996007d6c6d70b
2.57829653388926,kappa_relative_isotropic,0.1875119397231175,0.7399988157138043,onset,89.666667,300.8589572906494,"[246.64534551182135, 355.0725690694775]",4.163939561779334e-05,73.18149716396994,5.157536383718252,normalized,642.4400100708008,"[596.3841158824926, 688.495904259109]",8.89147990837254e-05,62.169613485188,"unclipped normal mean interval using sample standard error; descriptive Monte Carlo uncertainty, not a formal coverage guarantee",,3,uniform alpha_k=1/H applied as sqrt(alpha_k),"[0.125, 0.125, 0.125, 0.125, 0.125, 0.125, 0.125, 0.125]",8,6.958597727119923,1e-12,batch_size * history_size * latent_feature_dim,2.57829653388926,"[2.694994893983741, 2.369553405858304, 2.56723064654918, 3.2697634691275708, 2.5885666298724495, 2.8591592705436453, 1.8675558332880455, 2.6723736341150968]","[2.333988773324739, 2.8883106725097694]",2.6111497229172542,0.0002797630787640256,"[0.00029242566123955526, 0.00025711299976761113, 0.0002785623531411871, 0.00035479204309109925, 0.00028087745549831264, 0.0003102386361266976, 0.0002026427770494841, 0.0002899710974517249]","[0.0002532539901611045, 0.00031340176568031347]",0.000283327877920709,192,9216,576,LeWM,/opt/workspace/explorer-env/dataset/ag_data/data/world_model/quentinll/lewm-pusht/ckpt/pusht_lewm_noise_0to003_p1_seed3073/pusht_lewm_noise_0to003_p1_seed3073_epoch_10_object.ckpt,0.09232166223227978,['/opt/workspace/explorer-env/dataset/ag_data/data/world_model/quentinll/lewm-pusht/ckpt/pusht_lewm_noise_0to003_p1_seed3073'],16,exact autograd JVP with unclipped Hutchinson trace estimates and finite-probe intervals; not a full Jacobian matrix or closed-loop guarantee,2046724096,bytes,7225344,80.666667,true,8,8,none before per-anchor radius normalization,24576,identity in the selected embedding_space,1673.9403076171875,"[1411.6371170610892, 1936.2434981732858]",0.18163414796193442,354.0760256684806,"batch-major canonical weighted stack of (H, D) into (H*D)",/opt/workspace/explorer-env/dataset/ag_data/data/world_model/quentinll/lewm-pusht/ckpt/pusht_lewm_noise_0to003_p1_seed3073,2.911314368247986e-06,0.9897959232330322,ok,0.03,pusht_lewm_noise_0to003_p1_seed3073,PushT,seconds,3073,12.236249959096313,9e0067c2b03b53c946f328ce0db9e24ec35c341888d312e6c30618efb5362be6
2.646379121915858,kappa_relative_isotropic,0.06748609739683492,0.2663277454467475,endpoint,84.666667,82.70467615127563,"[64.91731677008778, 100.49203553246349]",1.1446469005666115e-05,24.01067826691572,5.247441092506051,normalized,196.85216522216797,"[190.4036113455448, 203.30071909879115]",2.724467723919691e-05,8.704729527319605,"unclipped normal mean interval using sample standard error; descriptive Monte Carlo uncertainty, not a formal coverage guarantee",,3,uniform alpha_k=1/H applied as sqrt(alpha_k),"[0.125, 0.125, 0.125, 0.125, 0.125, 0.125, 0.125, 0.125]",8,5.813863473013043,1e-12,batch_size * history_size * latent_feature_dim,2.646379121915858,"[4.0835315671570145, 2.9663077943590532, 2.0511670762781224, 2.928964154368972, 1.7413256600172233, 2.17515860344122, 5.006789345485801, 1.6949678595899573]","[2.00913478512393, 3.6529182300504113]",2.8310265075871706,0.00028715051236066167,"[0.00044309153289464134, 0.0003218649950476403, 0.00022256587199198378, 0.00031781295077788324, 0.0001889459266511744, 0.00023601981374145182, 0.0005432714133556642, 0.0001839157833756464]","[0.00021800507651084314, 0.00039636699544817825]",0.0003071860359795107,192,9216,576,LeWM,/opt/workspace/explorer-env/dataset/ag_data/data/world_model/quentinll/lewm-pusht/ckpt/pusht_lewm_noise_0to008_p1_seed3073/pusht_lewm_noise_0to008_p1_seed3073_epoch_10_object.ckpt,0.0637220311909914,['/opt/workspace/explorer-env/dataset/ag_data/data/world_model/quentinll/lewm-pusht/ckpt/pusht_lewm_noise_0to008_p1_seed3073'],16,exact autograd JVP with unclipped Hutchinson trace estimates and finite-probe intervals; not a full Jacobian matrix or closed-loop guarantee,2046724096,bytes,7225344,81.0,true,8,8,none before per-anchor radius normalization,24576,identity in the selected embedding_space,1463.1211013793945,"[1133.3115004453252, 1792.9307023134638]",0.15875880006286833,445.201114322961,"batch-major canonical weighted stack of (H, D) into (H*D)",/opt/workspace/explorer-env/dataset/ag_data/data/world_model/quentinll/lewm-pusht/ckpt/pusht_lewm_noise_0to008_p1_seed3073,3.6954879760742188e-06,1.0,ok,0.08,pusht_lewm_noise_0to008_p1_seed3073,PushT,seconds,3073,11.165194658562541,7544ec042eb38d0609457d67abf48cd9323f69f0e8d53715194c2c2f5c51f65d
4.924868534918401,kappa_relative_isotropic,1.0,3.368840925923857,base,84.0,9421.258239746094,"[6379.462979893344, 12463.053499598844]",0.0013039182964501197,4106.03765140075,5.772583466023207,normalized,10244.280029296875,"[9782.841371694954, 10705.718686898796]",0.0014178259234850098,622.8836394521262,"unclipped normal mean interval using sample standard error; descriptive Monte Carlo uncertainty, not a formal coverage guarantee",,3,uniform alpha_k=1/H applied as sqrt(alpha_k),"[0.125, 0.125, 0.125, 0.125, 0.125, 0.125, 0.125, 0.125]",8,7.615875892341137,1e-12,batch_size * history_size * latent_feature_dim,4.924868534918401,"[2.8845127160050925, 10.159644381173358, 7.275228440414756, 9.121678679959095, 4.857616014492362, 2.2030057900979116, 6.919656098942073, 1.8160882288143265]","[3.439991770478055, 7.869365816996687]",5.6546787937373715,0.0005343824365145835,"[0.0003129896610248581, 0.0011023919684432896, 0.0007894128082047261, 0.0009897654817663949, 0.0005270850710169663, 0.00023904142687694352, 0.0007508307399025686, 0.00019705818455016563]","[0.00037326299592860843, 0.0008538808395178698]",0.0006135719177232391,192,9216,576,LeWM,/opt/workspace/explorer-env/dataset/ag_data/data/world_model/quentinll/lewm-pusht/ckpt/pusht_lewm_baseline_seed3074/pusht_lewm_baseline_seed3074_epoch_10_object.ckpt,0.1976859923452139,['/opt/workspace/explorer-env/dataset/ag_data/data/world_model/quentinll/lewm-pusht/ckpt/pusht_lewm_baseline_seed3074'],16,exact autograd JVP with unclipped Hutchinson trace estimates and finite-probe intervals; not a full Jacobian matrix or closed-loop guarantee,1857850368,bytes,7225344,15.333333,false,8,8,none before per-anchor radius normalization,24576,identity in the selected embedding_space,1720.9778900146484,"[1282.4709191450888, 2159.484860884208]",0.18673805230193669,591.9287719842345,"batch-major canonical weighted stack of (H, D) into (H*D)",/opt/workspace/explorer-env/dataset/ag_data/data/world_model/quentinll/lewm-pusht/ckpt/pusht_lewm_baseline_seed3074,21.269337143749,0.6530612111091614,ok,0.00,pusht_lewm_baseline_seed3074,PushT,seconds,3074,35.08621636033058,016f5b0fb429c1433ffe51a06736a69e3756665d97f6798939d9850b006c234b
2.842815765731959,kappa_relative_isotropic,0.18851522540377266,0.6350778064999901,onset,89.666667,272.41272354125977,"[208.14410567276695, 336.6813414097526]",3.770238808577969e-05,86.75447958462964,5.396380523219705,normalized,558.3814468383789,"[533.3440679397146, 583.4188257370432]",7.728094978431185e-05,33.797284717735764,"unclipped normal mean interval using sample standard error; descriptive Monte Carlo uncertainty, not a formal coverage guarantee",,3,uniform alpha_k=1/H applied as sqrt(alpha_k),"[0.125, 0.125, 0.125, 0.125, 0.125, 0.125, 0.125, 0.125]",8,5.80380441993475,1e-12,batch_size * history_size * latent_feature_dim,2.842815765731959,"[4.253169005983127, 4.351313152480125, 6.217256081179844, 2.0298794097681747, 3.231633455924298, 2.234623682674567, 1.6571174460289084, 1.2806001320557485]","[1.9888385270012685, 4.325059564522429]",3.156949045761849,0.0003084652523580685,"[0.00046149837304504415, 0.00047214769449654135, 0.0006746154601974657, 0.000220256012344637, 0.0003506546718667858, 0.00024247218779020912, 0.00017980875065417843, 0.00013895400738452132]","[0.00021580279155829733, 0.00046929899788654834]",0.00034255089472242284,192,9216,576,LeWM,/opt/workspace/explorer-env/dataset/ag_data/data/world_model/quentinll/lewm-pusht/ckpt/pusht_lewm_noise_0to003_p1_seed3074/pusht_lewm_noise_0to003_p1_seed3074_epoch_10_object.ckpt,0.08263780921697617,['/opt/workspace/explorer-env/dataset/ag_data/data/world_model/quentinll/lewm-pusht/ckpt/pusht_lewm_noise_0to003_p1_seed3074'],16,exact autograd JVP with unclipped Hutchinson trace estimates and finite-probe intervals; not a full Jacobian matrix or closed-loop guarantee,2046724096,bytes,7225344,84.666667,true,8,8,none before per-anchor radius normalization,24576,identity in the selected embedding_space,1581.5763397216797,"[1313.2404767365642, 1849.9122027067951]",0.17161201602882808,362.21936800944763,"batch-major canonical weighted stack of (H, D) into (H*D)",/opt/workspace/explorer-env/dataset/ag_data/data/world_model/quentinll/lewm-pusht/ckpt/pusht_lewm_noise_0to003_p1_seed3074,4.334375262260437e-06,1.0,ok,0.03,pusht_lewm_noise_0to003_p1_seed3074,PushT,seconds,3074,11.321617690846324,d7daba682b1db3284725a3539aac4a1ed160839cdd01506eaa2c33b2d24e13ac
3.117884094745115,kappa_relative_isotropic,0.0739855652338687,0.24924560008746618,endpoint,87.666667,102.48391246795654,"[56.96842506978897, 147.99939986612412]",1.418394923036973e-05,61.4401328864519,5.402597503736615,normalized,176.94744300842285,"[163.91015833591226, 189.98472768093345]",2.4489829551149793e-05,17.598680109702645,"unclipped normal mean interval using sample standard error; descriptive Monte Carlo uncertainty, not a formal coverage guarantee",,3,uniform alpha_k=1/H applied as sqrt(alpha_k),"[0.125, 0.125, 0.125, 0.125, 0.125, 0.125, 0.125, 0.125]",8,5.805346539244056,1e-12,batch_size * history_size * latent_feature_dim,3.117884094745115,"[1.5458252044099765, 1.7528219247263366, 4.1570595831732176, 3.49276461895022, 2.342389803809251, 2.680897791848862, 1.6033876396147435, 9.367199308710909]","[1.5684561803251846, 5.167130288485694]",3.3677932344054393,0.00033831207625272517,"[0.0001677327695757353, 0.00019019335120728478, 0.00045106983324362174, 0.00037898921646595273, 0.00025416556030916353, 0.0002908960277613782, 0.0001739786935345859, 0.001016406174990333]","[0.00017018838762209034, 0.0005606695191499235]",0.0003654289533860069,192,9216,576,LeWM,/opt/workspace/explorer-env/dataset/ag_data/data/world_model/quentinll/lewm-pusht/ckpt/pusht_lewm_noise_0to008_p1_seed3074/pusht_lewm_noise_0to008_p1_seed3074_epoch_10_object.ckpt,0.07304147072136402,['/opt/workspace/explorer-env/dataset/ag_data/data/world_model/quentinll/lewm-pusht/ckpt/pusht_lewm_noise_0to008_p1_seed3074'],16,exact autograd JVP with unclipped Hutchinson trace estimates and finite-probe intervals; not a full Jacobian matrix or closed-loop guarantee,2046724096,bytes,7225344,87.333333,true,8,8,none before per-anchor radius normalization,24576,identity in the selected embedding_space,1711.9611511230469,"[1479.9390701528855, 1943.9832320932082]",0.1857596735159556,313.2003698585402,"batch-major canonical weighted stack of (H, D) into (H*D)",/opt/workspace/explorer-env/dataset/ag_data/data/world_model/quentinll/lewm-pusht/ckpt/pusht_lewm_noise_0to008_p1_seed3074,5.2209943532943726e-06,1.0,ok,0.08,pusht_lewm_noise_0to008_p1_seed3074,PushT,seconds,3074,11.321082442998886,2ac94bcf12e966fefe83dd5352fe759febb50137a5832b93aae0233ef43f4648
1.9986711882527017,kappa_relative_isotropic,1.0,2.612153470267934,base,58.666666666666664,2422.165512084961,"[1909.4788097189971, 2934.8522144509247]",0.0003352318605294033,692.0619974235361,5.6662730779498816,normalized,46777.34228515625,"[43726.3624526042, 49828.3221177083]",0.0064740643885130246,4118.435659186843,"unclipped normal mean interval using sample standard error; descriptive Monte Carlo uncertainty, not a formal coverage guarantee",,3,uniform alpha_k=1/H applied as sqrt(alpha_k),"[0.125, 0.125, 0.125, 0.125, 0.125, 0.125, 0.125, 0.125]",8,7.753077508881688,1e-12,batch_size * history_size * latent_feature_dim,1.9986711882527017,"[2.5784314529129757, 2.459155934276401, 1.1312049061397826, 3.79578478299675, 2.018622017279342, 1.8431502634218873, 1.1667093121472716, 1.8498105794495205]","[1.5093555196778823, 2.7013617924781004]",2.1053586560779913,0.00021686970358644766,"[0.00027977771841503643, 0.0002668354963407553, 0.00012274358790579238, 0.00041186900857169596, 0.00021903450708326194, 0.00019999460323588187, 0.00012659606251598, 0.0002007172937770747]","[0.00016377555552060354, 0.00029311651394076614]",0.00022844603473068484,192,9216,576,LeWM,/opt/workspace/explorer-env/dataset/ag_data/data/world_model/quentinll/lewm-reacher/ckpt/reacher_lewm_20260430/reacher_lewm_20260430_epoch_10_object.ckpt,0.1630663461983204,['/opt/workspace/explorer-env/dataset/ag_data/data/world_model/quentinll/lewm-reacher/ckpt/reacher_lewm_20260430'],16,exact autograd JVP with unclipped Hutchinson trace estimates and finite-probe intervals; not a full Jacobian matrix or closed-loop guarantee,1857850368,bytes,7225344,18.333333333333332,false,8,8,none before per-anchor radius normalization,24576,identity in the selected embedding_space,238.76429748535156,"[206.03985887115982, 271.4887360995433]",0.025907584362559848,44.17383998334209,"batch-major canonical weighted stack of (H, D) into (H*D)",/opt/workspace/explorer-env/dataset/ag_data/data/world_model/quentinll/lewm-reacher/ckpt/reacher_lewm_20260430,19.91680289618671,0.7699999809265137,ok,0.00,reacher_lewm_20260430,Reacher,seconds,3072,33.670601692050695,3ec7a5b74482c9bfd2a4fa2f107321270f9e507f71909c278afd33f2262fe1a2
8.218442273246001,kappa_relative_isotropic,0.024803288545021143,0.06478999624693388,onset,85.66666666666667,7.820881605148315,"[6.727986695115634, 8.913776515180997]",1.0824234258117421e-06,1.4752694597320335,5.388773657381535,normalized,49.334147453308105,"[45.39835443890938, 53.26994046770683]",6.827930608329251e-06,5.31282118771647,"unclipped normal mean interval using sample standard error; descriptive Monte Carlo uncertainty, not a formal coverage guarantee",,3,uniform alpha_k=1/H applied as sqrt(alpha_k),"[0.125, 0.125, 0.125, 0.125, 0.125, 0.125, 0.125, 0.125]",8,5.828983277082443,1e-12,batch_size * history_size * latent_feature_dim,8.218442273246001,"[7.661869430293615, 7.148821708420609, 7.306403027843879, 8.036835330903951, 13.546841757664575, 11.494394301744961, 4.591639983519981, 9.656422551804807]","[6.738749263185807, 10.622057759863289]",8.680403511524547,0.0008917580591629777,"[0.0008313660406134565, 0.0007756967999588334, 0.0007927954674309764, 0.0008720524447595433, 0.0014699264059965902, 0.0012472216039219792, 0.0004982248246006923, 0.0010477889053607647]","[0.0007312010919255434, 0.0011525670312351659]",0.0009418840615803546,192,9216,576,LeWM,/opt/workspace/explorer-env/dataset/ag_data/data/world_model/quentinll/lewm-reacher/ckpt/reacher_lewm_noise_0to002_p1/reacher_lewm_noise_0to002_p1_epoch_10_object.ckpt,0.09218145534396172,['/opt/workspace/explorer-env/dataset/ag_data/data/world_model/quentinll/lewm-reacher/ckpt/reacher_lewm_noise_0to002_p1'],16,exact autograd JVP with unclipped Hutchinson trace estimates and finite-probe intervals; not a full Jacobian matrix or closed-loop guarantee,2046724096,bytes,7225344,83.66666666666667,true,8,8,none before per-anchor radius normalization,24576,identity in the selected embedding_space,177.77105140686035,"[153.1481528764311, 202.3939499372896]",0.019289393598834675,33.23778881076203,"batch-major canonical weighted stack of (H, D) into (H*D)",/opt/workspace/explorer-env/dataset/ag_data/data/world_model/quentinll/lewm-reacher/ckpt/reacher_lewm_noise_0to002_p1,4.298985004425049e-06,1.0,ok,0.02,reacher_lewm_noise_0to002_p1,Reacher,seconds,3072,11.349694425240159,3999c3aab785acead851b882407a5fe988b5c11f98f5335c5b19c2fe417f8ef2
5.15736501640342,kappa_relative_isotropic,0.03399841483504316,0.08880907729496679,endpoint,84.0,15.822582483291626,"[13.022132747971565, 18.623032218611687]",2.189872549084393e-06,3.780251815710987,5.586787443608046,normalized,142.93843269348145,"[135.3857147119524, 150.4911506750105]",1.9782924203121878e-05,10.1952109702712,"unclipped normal mean interval using sample standard error; descriptive Monte Carlo uncertainty, not a formal coverage guarantee",,3,uniform alpha_k=1/H applied as sqrt(alpha_k),"[0.125, 0.125, 0.125, 0.125, 0.125, 0.125, 0.125, 0.125]",8,6.709631377831101,1e-12,batch_size * history_size * latent_feature_dim,5.15736501640342,"[4.164769079566926, 5.438633253889412, 4.073381506764633, 3.6819678605587933, 5.450614050057139, 10.018869132412362, 4.946667417868353, 5.033557189449548]","[3.9677048887392816, 6.73440998390251]",5.351057436320896,0.0005596099193146073,"[0.0004519063671405085, 0.0005901294763334865, 0.0004419901808555375, 0.00039951908209188297, 0.0005914294759176582, 0.0010871168763468275, 0.0005367477666957848, 0.000546175910313536]","[0.0004305235339343839, 0.0007307302499894217]",0.0005806268919619028,192,9216,576,LeWM,/opt/workspace/explorer-env/dataset/ag_data/data/world_model/quentinll/lewm-reacher/ckpt/reacher_lewm_noise_0to008_p1/reacher_lewm_noise_0to008_p1_epoch_10_object.ckpt,0.07661384530365467,['/opt/workspace/explorer-env/dataset/ag_data/data/world_model/quentinll/lewm-reacher/ckpt/reacher_lewm_noise_0to008_p1'],16,exact autograd JVP with unclipped Hutchinson trace estimates and finite-probe intervals; not a full Jacobian matrix or closed-loop guarantee,2046724096,bytes,7225344,82.0,true,8,8,none before per-anchor radius normalization,24576,identity in the selected embedding_space,197.8075885772705,"[170.60666856936336, 225.00850858517765]",0.021463497024443414,36.71779070055276,"batch-major canonical weighted stack of (H, D) into (H*D)",/opt/workspace/explorer-env/dataset/ag_data/data/world_model/quentinll/lewm-reacher/ckpt/reacher_lewm_noise_0to008_p1,4.7460198402404785e-06,1.0,ok,0.08,reacher_lewm_noise_0to008_p1,Reacher,seconds,3072,12.41159393824637,de5cce2fbdcb2e9b9db55b6cac89e1e9acaecd66fa46d562f19564adaa571c15
2.8565204040415035,kappa_relative_isotropic,1.0,2.693261122041363,base,60.666667,2426.643020629883,"[2067.322581324778, 2785.9634599349874]",0.0003358515553902877,485.0370017264211,5.499301381409168,normalized,43648.4892578125,"[42036.95928805668, 45260.01922756832]",0.006041025764006876,2175.3609848476276,"unclipped normal mean interval using sample standard error; descriptive Monte Carlo uncertainty, not a formal coverage guarantee",,3,uniform alpha_k=1/H applied as sqrt(alpha_k),"[0.125, 0.125, 0.125, 0.125, 0.125, 0.125, 0.125, 0.125]",8,6.92732073739171,1e-12,batch_size * history_size * latent_feature_dim,2.8565204040415035,"[3.67236553716934, 1.3753934394895835, 2.43213338904402, 3.4214079169676217, 2.7540008856825584, 4.7013734647054655, 2.9262472742706978, 2.923883057915517]","[2.355399155345482, 3.6963020859657187]",3.0258506206556004,0.0003099523007857534,"[0.00039847716332132597, 0.0001492397395279496, 0.00026390336252647787, 0.0003712465187681881, 0.00029882822110270814, 0.0005101316693473813, 0.00031751815041999756, 0.00031726161652729135]","[0.0002555771652935636, 0.0004010744450917664]",0.000328325805192665,192,9216,576,LeWM,/opt/workspace/explorer-env/dataset/ag_data/data/world_model/quentinll/lewm-reacher/ckpt/reacher_lewm_baseline_seed3073/reacher_lewm_baseline_seed3073_epoch_10_object.ckpt,0.1378909908235073,['/opt/workspace/explorer-env/dataset/ag_data/data/world_model/quentinll/lewm-reacher/ckpt/reacher_lewm_baseline_seed3073'],16,exact autograd JVP with unclipped Hutchinson trace estimates and finite-probe intervals; not a full Jacobian matrix or closed-loop guarantee,1857850368,bytes,7225344,17.666667,false,8,8,none before per-anchor radius normalization,24576,identity in the selected embedding_space,179.36669731140137,"[147.7057696340118, 211.02762498879093]",0.01946253226035171,42.73823515917074,"batch-major canonical weighted stack of (H, D) into (H*D)",/opt/workspace/explorer-env/dataset/ag_data/data/world_model/quentinll/lewm-reacher/ckpt/reacher_lewm_baseline_seed3073,13.90317252278328,0.699999988079071,ok,0.00,reacher_lewm_baseline_seed3073,Reacher,seconds,3073,26.610756961628795,71f1d48add14061516630735d6624b6363e4bc7516670625a93e566ee0288b99
3.0207814606104995,kappa_relative_isotropic,0.08666369301340819,0.23340795508553996,onset,76.0,37.8115234375,"[29.06185223895876, 46.561194636041236]",5.2331796849395685e-06,11.810945941288049,5.228408996015787,normalized,551.0093154907227,"[523.1141125241614, 578.9045184572839]",7.626063416367756e-05,37.65498460264905,"unclipped normal mean interval using sample standard error; descriptive Monte Carlo uncertainty, not a formal coverage guarantee",,3,uniform alpha_k=1/H applied as sqrt(alpha_k),"[0.125, 0.125, 0.125, 0.125, 0.125, 0.125, 0.125, 0.125]",8,6.451193273067474,1e-12,batch_size * history_size * latent_feature_dim,3.0207814606104995,"[2.020870024510817, 3.7296176187425845, 6.750676112042155, 4.944674017030714, 1.6129926090258309, 2.3023873109428714, 3.00185693294564, 2.178730752354335]","[2.0999511439721, 4.535500200426637]",3.3177256721993684,0.0003277757661252712,"[0.00021927843147903831, 0.0004046894117559228, 0.0007324952378517963, 0.0005365314688618396, 0.00017502089941686533, 0.000249825012038072, 0.00032572232345330296, 0.0002364074167051145]","[0.0002278592821150282, 0.0004921332682754597]",0.000359996275195244,192,9216,576,LeWM,/opt/workspace/explorer-env/dataset/ag_data/data/world_model/quentinll/lewm-reacher/ckpt/reacher_lewm_noise_0to003_p1_seed3073/reacher_lewm_noise_0to003_p1_seed3073_epoch_10_object.ckpt,0.08916992880403996,['/opt/workspace/explorer-env/dataset/ag_data/data/world_model/quentinll/lewm-reacher/ckpt/reacher_lewm_noise_0to003_p1_seed3073'],16,exact autograd JVP with unclipped Hutchinson trace estimates and finite-probe intervals; not a full Jacobian matrix or closed-loop guarantee,2046724096,bytes,7225344,71.0,true,8,8,none before per-anchor radius normalization,24576,identity in the selected embedding_space,209.35743713378906,"[172.10732357804815, 246.60755068952997]",0.02271673580010732,50.28292692724816,"batch-major canonical weighted stack of (H, D) into (H*D)",/opt/workspace/explorer-env/dataset/ag_data/data/world_model/quentinll/lewm-reacher/ckpt/reacher_lewm_noise_0to003_p1_seed3073,4.7031790018081665e-06,1.0,ok,0.03,reacher_lewm_noise_0to003_p1_seed3073,Reacher,seconds,3073,11.806698327884078,932c21996d87b181e4a300183d6f27c958c0bbe36590c18abcb7aca1ef54331b
3.7774515003721976,kappa_relative_isotropic,0.029641855387655555,0.07983325670074502,endpoint,81.666667,13.073350191116333,"[11.43316712835112, 14.713533253881547]",1.8093740853191672e-06,2.214039024845409,5.623518727719784,normalized,137.09354972839355,"[129.77820278686897, 144.40889666991814]",1.897398237764092e-05,9.874790184403567,"unclipped normal mean interval using sample standard error; descriptive Monte Carlo uncertainty, not a formal coverage guarantee",,3,uniform alpha_k=1/H applied as sqrt(alpha_k),"[0.125, 0.125, 0.125, 0.125, 0.125, 0.125, 0.125, 0.125]",8,5.827460151165724,1e-12,batch_size * history_size * latent_feature_dim,3.7774515003721976,"[5.056980641478807, 2.4629792903889673, 5.586324298524277, 3.618880385341779, 2.629191033315858, 2.971737291158573, 4.28012779807358, 4.986144532668856]","[3.1163363757846554, 4.781754941953019]",3.949045658868837,0.00040987972009246936,"[0.0005487175175215719, 0.0002672503570300529, 0.0006061549803086238, 0.0003926736529233701, 0.0002852854853858353, 0.0003224541331552271, 0.0004644235892006923, 0.0005410313077982699]","[0.00033814413799746694, 0.0005188536178334439]",0.0004284988779154554,192,9216,576,LeWM,/opt/workspace/explorer-env/dataset/ag_data/data/world_model/quentinll/lewm-reacher/ckpt/reacher_lewm_noise_0to008_p1_seed3073/reacher_lewm_noise_0to008_p1_seed3073_epoch_10_object.ckpt,0.1273046676069498,['/opt/workspace/explorer-env/dataset/ag_data/data/world_model/quentinll/lewm-reacher/ckpt/reacher_lewm_noise_0to008_p1_seed3073'],16,exact autograd JVP with unclipped Hutchinson trace estimates and finite-probe intervals; not a full Jacobian matrix or closed-loop guarantee,2046724096,bytes,7225344,82.333333,true,8,8,none before per-anchor radius normalization,24576,identity in the selected embedding_space,232.6555633544922,"[204.08098033482705, 261.2301463741573]",0.025244744287596807,38.572061473164815,"batch-major canonical weighted stack of (H, D) into (H*D)",/opt/workspace/explorer-env/dataset/ag_data/data/world_model/quentinll/lewm-reacher/ckpt/reacher_lewm_noise_0to008_p1_seed3073,1.0313466191291809e-05,0.9899999499320984,ok,0.08,reacher_lewm_noise_0to008_p1_seed3073,Reacher,seconds,3073,11.621764870360494,33896b3090db8d14c13428f3671e53fcdcf668782146858ab8adb91f88913071
2.1725322538885323,kappa_relative_isotropic,1.0,2.5791641540531067,base,58.333333,2189.991226196289,"[1730.2649991231683, 2649.71745326941]",0.0003030985412177315,620.5720755150444,5.701550245285034,normalized,40812.32177734375,"[39211.558770049676, 42413.084784637824]",0.005648495321100801,2160.8269516591786,"unclipped normal mean interval using sample standard error; descriptive Monte Carlo uncertainty, not a formal coverage guarantee",,3,uniform alpha_k=1/H applied as sqrt(alpha_k),"[0.125, 0.125, 0.125, 0.125, 0.125, 0.125, 0.125, 0.125]",8,6.497836548835039,1e-12,batch_size * history_size * latent_feature_dim,2.1725322538885323,"[1.1251999743947483, 2.423350926457455, 3.0541636662535923, 1.1997853775463323, 2.933655846071462, 1.7865703880225736, 3.6220825106576187, 2.6892817140888314]","[1.7280889872598695, 2.980433613613284]",2.3542613004365767,0.00023573483657644666,"[0.00012209201111054128, 0.000262950404346512, 0.0003313979672584193, 0.00013018504530667668, 0.0003183220319087958, 0.00019385529383925495, 0.0003930211057571201, 0.00029180574154609717]","[0.0001875096557356629, 0.00032339774453269137]",0.00025545370013417714,192,9216,576,LeWM,/opt/workspace/explorer-env/dataset/ag_data/data/world_model/quentinll/lewm-reacher/ckpt/reacher_lewm_baseline_seed3074/reacher_lewm_baseline_seed3074_epoch_10_object.ckpt,0.24027341604232788,['/opt/workspace/explorer-env/dataset/ag_data/data/world_model/quentinll/lewm-reacher/ckpt/reacher_lewm_baseline_seed3074'],16,exact autograd JVP with unclipped Hutchinson trace estimates and finite-probe intervals; not a full Jacobian matrix or closed-loop guarantee,1857850368,bytes,7225344,18.666667,false,8,8,none before per-anchor radius normalization,24576,identity in the selected embedding_space,227.62885093688965,"[181.17798795812922, 274.0797139156501]",0.02469931108256181,62.70277123782504,"batch-major canonical weighted stack of (H, D) into (H*D)",/opt/workspace/explorer-env/dataset/ag_data/data/world_model/quentinll/lewm-reacher/ckpt/reacher_lewm_baseline_seed3074,20.506140556186438,0.7299999594688416,ok,0.00,reacher_lewm_baseline_seed3074,Reacher,seconds,3074,33.163153912872076,09c947950af021000ed468aab1a2a205b305bf55d6ea534b2ef0e0b0cfe366a9
2.309575760790572,kappa_relative_isotropic,0.10989143224200482,0.28342804287613466,onset,80.0,38.3058648109436,"[34.00327280756386, 42.60845681432335]",5.301597378746757e-06,5.807953282611215,5.162625759840012,normalized,604.2843551635742,"[579.7519381503414, 628.816772176807]",8.363399101324093e-05,33.11565024303269,"unclipped normal mean interval using sample standard error; descriptive Monte Carlo uncertainty, not a formal coverage guarantee",,3,uniform alpha_k=1/H applied as sqrt(alpha_k),"[0.125, 0.125, 0.125, 0.125, 0.125, 0.125, 0.125, 0.125]",8,5.845814932137728,1e-12,batch_size * history_size * latent_feature_dim,2.309575760790572,"[2.580265983734265, 1.7888084923889713, 3.301871059764995, 2.3251711928267147, 2.7369335243045656, 2.655802024339676, 1.72216904134451, 2.3507625649333637]","[2.0757771625628685, 2.7896688083463967]",2.4327229854546326,0.0002506050087663381,"[0.0002799767777489437, 0.00019409814370540052, 0.0003582759396446392, 0.00025229722144387096, 0.00029697629386985305, 0.0002881729627104683, 0.0001868673004931109, 0.00025507406303530423]","[0.0002252362372572557, 0.000302698438405642]",0.00026396733783144884,192,9216,576,LeWM,/opt/workspace/explorer-env/dataset/ag_data/data/world_model/quentinll/lewm-reacher/ckpt/reacher_lewm_noise_0to003_p1_seed3074/reacher_lewm_noise_0to003_p1_seed3074_epoch_10_object.ckpt,0.08999796397984028,['/opt/workspace/explorer-env/dataset/ag_data/data/world_model/quentinll/lewm-reacher/ckpt/reacher_lewm_noise_0to003_p1_seed3074'],16,exact autograd JVP with unclipped Hutchinson trace estimates and finite-probe intervals; not a full Jacobian matrix or closed-loop guarantee,2046724096,bytes,7225344,80.666667,true,8,8,none before per-anchor radius normalization,24576,identity in the selected embedding_space,252.94970321655273,"[197.2949893862422, 308.60441704686326]",0.027446799394157197,75.1268020834024,"batch-major canonical weighted stack of (H, D) into (H*D)",/opt/workspace/explorer-env/dataset/ag_data/data/world_model/quentinll/lewm-reacher/ckpt/reacher_lewm_noise_0to003_p1_seed3074,5.323439836502075e-06,0.9799999594688416,ok,0.03,reacher_lewm_noise_0to003_p1_seed3074,Reacher,seconds,3074,11.14486851170659,7cd311ccb1446a946458b57bac70779c53d7d9037750a3eaf42d2b5d2ecde906
3.6457014240988324,kappa_relative_isotropic,0.030247915927722434,0.07801434049559372,endpoint,78.333333,13.367068409919739,"[11.527843009554756, 15.206293810284722]",1.850025190485012e-06,2.482720925693341,5.320757882669568,normalized,167.27312660217285,"[158.53095551493786, 176.01529768940784]",2.3150887570498076e-05,11.800821742654579,"unclipped normal mean interval using sample standard error; descriptive Monte Carlo uncertainty, not a formal coverage guarantee",,3,uniform alpha_k=1/H applied as sqrt(alpha_k),"[0.125, 0.125, 0.125, 0.125, 0.125, 0.125, 0.125, 0.125]",8,6.80986213311553,1e-12,batch_size * history_size * latent_feature_dim,3.6457014240988324,"[6.027509126487386, 2.7435109194572784, 2.7664530088579378, 4.610934202202949, 2.443630040162299, 2.987781125325219, 6.087478455423625, 4.312338821006794]","[2.9667431736435406, 5.028165751087331]",3.997454462365436,0.000395583921885724,"[0.0006540265979261486, 0.0002976899869202776, 0.00030017936294031444, 0.0005003183813154241, 0.0002651508290106661, 0.00032419500057782327, 0.0006605336865694038, 0.0004679187088766052]","[0.00032191223672347447, 0.0005455909018106913]",0.0004337515692670829,192,9216,576,LeWM,/opt/workspace/explorer-env/dataset/ag_data/data/world_model/quentinll/lewm-reacher/ckpt/reacher_lewm_noise_0to008_p1_seed3074/reacher_lewm_noise_0to008_p1_seed3074_epoch_10_object.ckpt,0.07600105553865433,['/opt/workspace/explorer-env/dataset/ag_data/data/world_model/quentinll/lewm-reacher/ckpt/reacher_lewm_noise_0to008_p1_seed3074'],16,exact autograd JVP with unclipped Hutchinson trace estimates and finite-probe intervals; not a full Jacobian matrix or closed-loop guarantee,2046724096,bytes,7225344,80.333333,true,8,8,none before per-anchor radius normalization,24576,identity in the selected embedding_space,202.0093002319336,"[160.14738295828224, 243.87121750558495]",0.021919411917527516,56.50827679104107,"batch-major canonical weighted stack of (H, D) into (H*D)",/opt/workspace/explorer-env/dataset/ag_data/data/world_model/quentinll/lewm-reacher/ckpt/reacher_lewm_noise_0to008_p1_seed3074,2.7511268854141235e-06,1.0,ok,0.08,reacher_lewm_noise_0to008_p1_seed3074,Reacher,seconds,3074,12.246467975899577,e69edf677e06926e3d5949a6e24bfbe8a5e1ec23415f408f4a805fbb5e4b9219
4.278271271560522,kappa_relative_isotropic,1.0,2.2742336070066784,base,66.66666666666667,1868.5067749023438,"[1526.7766741998855, 2210.2368756048018]",0.00025860454186019984,461.29227651212426,5.902241703122854,normalized,11921.718139648438,"[11182.09757836383, 12661.338700933045]",0.0016499862345167838,998.3939131168765,"unclipped normal mean interval using sample standard error; descriptive Monte Carlo uncertainty, not a formal coverage guarantee",,3,uniform alpha_k=1/H applied as sqrt(alpha_k),"[0.125, 0.125, 0.125, 0.125, 0.125, 0.125, 0.125, 0.125]",8,7.447942448779941,1e-12,batch_size * history_size * latent_feature_dim,4.278271271560522,"[4.128034473712562, 2.738349517890717, 4.763847431610468, 5.433346077457929, 5.146330173794412, 5.173388859445437, 3.529364301646258, 3.670555190292883]","[3.658599171006562, 4.987204835456105]",4.3229020032313334,0.00046422214318148026,"[0.00044792040730388044, 0.00029712993900723924, 0.0005169105286035665, 0.0005895557809741677, 0.0005584125622606783, 0.0005613486175613538, 0.00038296053620293595, 0.0003982807281133771]","[0.00039698341699289947, 0.0005411463580139003]",0.00046906488750339987,192,9216,576,LeWM,/opt/workspace/explorer-env/dataset/ag_data/data/world_model/quentinll/lewm-cube/ckpt/cube_lewm_20260430/cube_lewm_20260430_epoch_10_object.ckpt,0.24035407975316048,['/opt/workspace/explorer-env/dataset/ag_data/data/world_model/quentinll/lewm-cube/ckpt/cube_lewm_20260430'],16,exact autograd JVP with unclipped Hutchinson trace estimates and finite-probe intervals; not a full Jacobian matrix or closed-loop guarantee,1857862656,bytes,7225344,47.0,false,8,8,none before per-anchor radius normalization,24576,identity in the selected embedding_space,337.6214065551758,"[300.5671745802209, 374.67563853013064]",0.03663426720433765,50.018511647055234,"batch-major canonical weighted stack of (H, D) into (H*D)",/opt/workspace/explorer-env/dataset/ag_data/data/world_model/quentinll/lewm-cube/ckpt/cube_lewm_20260430,23.425712879747152,0.4899999797344208,ok,0.00,cube_lewm_20260430,Cube,seconds,3072,37.23715451359749,b02607b296f8084b3bf5412ad8339e56b2378d4340e04d21418bca042963b352
4.693425664063828,kappa_relative_isotropic,0.3183498554219248,0.7240019399862586,onset,65.0,128.12450218200684,"[111.1304393807469, 145.11856498326677]",1.7732650816626423e-05,22.93982853915687,5.716345701366663,normalized,800.1636734008789,"[780.38269788661, 819.9446489151478]",0.00011074402456144357,26.701807092353853,"unclipped normal mean interval using sample standard error; descriptive Monte Carlo uncertainty, not a formal coverage guarantee",,3,uniform alpha_k=1/H applied as sqrt(alpha_k),"[0.125, 0.125, 0.125, 0.125, 0.125, 0.125, 0.125, 0.125]",8,5.810265438631177,1e-12,batch_size * history_size * latent_feature_dim,4.693425664063828,"[3.5537659416154863, 4.674758143062662, 4.389204590906922, 4.057328289139635, 6.8274505480909164, 4.361824660546812, 4.730196078007096, 5.143573500796331]","[4.041346632733661, 5.393178805307804]",4.717262719020733,0.0005092692777847036,"[0.00038560828359543035, 0.0005072437221205145, 0.00047625917870083785, 0.0004402482952625472, 0.0007408257973188928, 0.0004732882661183607, 0.000513259123047645, 0.000558113444096824]","[0.0004385141745587739, 0.0005851973530064891]",0.0005118557637826315,192,9216,576,LeWM,/opt/workspace/explorer-env/dataset/ag_data/data/world_model/quentinll/lewm-cube/ckpt/cube_lewm_noise_0to003_p1/cube_lewm_noise_0to003_p1_epoch_10_object.ckpt,0.08431987091898918,['/opt/workspace/explorer-env/dataset/ag_data/data/world_model/quentinll/lewm-cube/ckpt/cube_lewm_noise_0to003_p1'],16,exact autograd JVP with unclipped Hutchinson trace estimates and finite-probe intervals; not a full Jacobian matrix or closed-loop guarantee,2046748672,bytes,7225344,68.33333333333333,true,8,8,none before per-anchor radius normalization,24576,identity in the selected embedding_space,314.4169006347656,"[290.6648535948227, 338.16894767470853]",0.03411641716957092,32.06224979407999,"batch-major canonical weighted stack of (H, D) into (H*D)",/opt/workspace/explorer-env/dataset/ag_data/data/world_model/quentinll/lewm-cube/ckpt/cube_lewm_noise_0to003_p1,2.130866050720215e-06,0.9899999499320984,ok,0.03,cube_lewm_noise_0to003_p1,Cube,seconds,3072,11.65461652353406,6f4342564852c37b8e1f0123f8d345fd158f8268a4ca39edca95c5a4f3278822
6.41450061306038,kappa_relative_isotropic,0.040098272311270944,0.09119283847319774,endpoint,62.333333333333336,46.37564468383789,"[42.07586056299185, 50.67542880468393]",6.4184687516383845e-06,5.804162997460774,5.537228669971228,normalized,241.10830879211426,"[229.96519357544818, 252.25142400878033]",3.336980340204069e-05,15.041791680529611,"unclipped normal mean interval using sample standard error; descriptive Monte Carlo uncertainty, not a formal coverage guarantee",,3,uniform alpha_k=1/H applied as sqrt(alpha_k),"[0.125, 0.125, 0.125, 0.125, 0.125, 0.125, 0.125, 0.125]",8,6.116610588505864,1e-12,batch_size * history_size * latent_feature_dim,6.41450061306038,"[6.524823011974485, 5.673328474682102, 5.342264491314547, 6.989322372526512, 6.494416935509721, 6.507239395300549, 5.7937960471147365, 8.639609844048998]","[5.785987796610774, 7.205212346507139]",6.495600071558957,0.0006960178616601975,"[0.0007079886080701482, 0.0006155955376174156, 0.0005796727963665959, 0.0007583900143800469, 0.0007046893376204125, 0.0007060806635525769, 0.0006286671058067206, 0.0009374576653698998]","[0.0006278198564030788, 0.0007818155757928753]",0.0007048177160979771,192,9216,576,LeWM,/opt/workspace/explorer-env/dataset/ag_data/data/world_model/quentinll/lewm-cube/ckpt/cube_lewm_noise_0to008_p1/cube_lewm_noise_0to008_p1_epoch_10_object.ckpt,0.07254327461123466,['/opt/workspace/explorer-env/dataset/ag_data/data/world_model/quentinll/lewm-cube/ckpt/cube_lewm_noise_0to008_p1'],16,exact autograd JVP with unclipped Hutchinson trace estimates and finite-probe intervals; not a full Jacobian matrix or closed-loop guarantee,2046748672,bytes,7225344,62.0,false,8,8,none before per-anchor radius normalization,24576,identity in the selected embedding_space,276.34868240356445,"[248.927563607786, 303.7698011993429]",0.02998575112885899,37.015031124892204,"batch-major canonical weighted stack of (H, D) into (H*D)",/opt/workspace/explorer-env/dataset/ag_data/data/world_model/quentinll/lewm-cube/ckpt/cube_lewm_noise_0to008_p1,6.822869181632996e-06,1.0,ok,0.08,cube_lewm_noise_0to008_p1,Cube,seconds,3072,11.767293222248554,4e86a5623d251fc3bd4f2c8e02a2089f2fc74f605d3ccfd48c808867274e6854
3.1042973546357007,kappa_relative_isotropic,1.0,2.3036574016869658,base,65.0,2294.160598754883,"[1916.5935191051376, 2671.727678404628]",0.00031751576101496105,509.6676510194603,5.537618178874254,normalized,16307.862670898438,"[15534.887026720868, 17080.838315076006]",0.002257036159233171,1043.4190428590823,"unclipped normal mean interval using sample standard error; descriptive Monte Carlo uncertainty, not a formal coverage guarantee",,3,uniform alpha_k=1/H applied as sqrt(alpha_k),"[0.125, 0.125, 0.125, 0.125, 0.125, 0.125, 0.125, 0.125]",8,5.607407966628671,1e-12,batch_size * history_size * latent_feature_dim,3.1042973546357007,"[3.701417056165824, 3.940947148211342, 3.0983900603486516, 2.47614376795668, 3.093661065511276, 3.1445529722733876, 3.026625838603857, 2.374554857389786]","[2.7374307540455223, 3.4766424375696787]",3.1070365958076005,0.0003368378205984918,"[0.0004016294548791042, 0.00042762013326945984, 0.00033619683814547, 0.0002686787942661328, 0.00033568370936537284, 0.0003412058346650811, 0.0003284099217235088, 0.0002576556919910792]","[0.0002970302467497312, 0.000377239847826571]",0.0003371350472881511,192,9216,576,LeWM,/opt/workspace/explorer-env/dataset/ag_data/data/world_model/quentinll/lewm-cube/ckpt/cube_lewm_baseline_seed3073/cube_lewm_baseline_seed3073_epoch_10_object.ckpt,0.13875393569469452,['/opt/workspace/explorer-env/dataset/ag_data/data/world_model/quentinll/lewm-cube/ckpt/cube_lewm_baseline_seed3073'],16,exact autograd JVP with unclipped Hutchinson trace estimates and finite-probe intervals; not a full Jacobian matrix or closed-loop guarantee,1857862656,bytes,7225344,39.0,false,8,8,none before per-anchor radius normalization,24576,identity in the selected embedding_space,417.6436882019043,"[374.0571251312185, 461.23025127259007]",0.04531724047329691,58.83632979033996,"batch-major canonical weighted stack of (H, D) into (H*D)",/opt/workspace/explorer-env/dataset/ag_data/data/world_model/quentinll/lewm-cube/ckpt/cube_lewm_baseline_seed3073,19.256489023566246,0.41999998688697815,ok,0.00,cube_lewm_baseline_seed3073,Cube,seconds,3073,30.702467711642385,7265463b5ab5d630309e6ce01b669068e2810b0d3acc53df705c2fb289cbc80a
3.703201160287711,kappa_relative_isotropic,0.2882477033933287,0.6640239554413109,onset,66.333333,144.24859809875488,"[120.35217872924986, 168.1450174682599]",1.9964253341952282e-05,32.25713412072305,5.767354974523187,normalized,821.6664657592773,"[787.0122359064422, 856.3206956121124]",0.00011372004789796546,46.778813299526604,"unclipped normal mean interval using sample standard error; descriptive Monte Carlo uncertainty, not a formal coverage guarantee",,3,uniform alpha_k=1/H applied as sqrt(alpha_k),"[0.125, 0.125, 0.125, 0.125, 0.125, 0.125, 0.125, 0.125]",8,6.511285196989775,1e-12,batch_size * history_size * latent_feature_dim,3.703201160287711,"[3.7231774477878155, 3.3339132603185377, 4.259044160136396, 3.1525930768172343, 3.8085967694683225, 4.1740744184532526, 4.770316510066321, 2.6299751473757995]","[3.2581324137609617, 4.204790283844957]",3.7314613488029598,0.0004018230425659409,"[0.0004039906084839209, 0.0003617527409199802, 0.00046213586807035547, 0.0003420782418421478, 0.0004132591980759899, 0.0004529160610300838, 0.0005176124685401824, 0.00028537056720657545]","[0.00035352999281260437, 0.00045624894572970465]",0.0004048894692711545,192,9216,576,LeWM,/opt/workspace/explorer-env/dataset/ag_data/data/world_model/quentinll/lewm-cube/ckpt/cube_lewm_noise_0to003_p1_seed3073/cube_lewm_noise_0to003_p1_seed3073_epoch_10_object.ckpt,0.08927489072084427,['/opt/workspace/explorer-env/dataset/ag_data/data/world_model/quentinll/lewm-cube/ckpt/cube_lewm_noise_0to003_p1_seed3073'],16,exact autograd JVP with unclipped Hutchinson trace estimates and finite-probe intervals; not a full Jacobian matrix or closed-loop guarantee,2046748672,bytes,7225344,64.333333,true,8,8,none before per-anchor radius normalization,24576,identity in the selected embedding_space,436.8991508483887,"[377.89867746081904, 495.8996242359583]",0.047406591888931066,79.6431529686703,"batch-major canonical weighted stack of (H, D) into (H*D)",/opt/workspace/explorer-env/dataset/ag_data/data/world_model/quentinll/lewm-cube/ckpt/cube_lewm_noise_0to003_p1_seed3073,5.062669515609741e-06,0.9899999499320984,ok,0.03,cube_lewm_noise_0to003_p1_seed3073,Cube,seconds,3073,12.406487248837948,57cf6550c876d081223b23805cd9c14a813d1d506471b7f23a92c8942a0b780f
4.057001775641053,kappa_relative_isotropic,0.044112183273789456,0.10161935750323704,endpoint,65.666667,52.973196029663086,"[44.01282310725143, 61.933568952074744]",7.331581171728721e-06,12.095366534233825,5.578180197626352,normalized,268.664981842041,"[257.91576946839547, 279.41419421568656]",3.718369420778319e-05,14.510072821675747,"unclipped normal mean interval using sample standard error; descriptive Monte Carlo uncertainty, not a formal coverage guarantee",,3,uniform alpha_k=1/H applied as sqrt(alpha_k),"[0.125, 0.125, 0.125, 0.125, 0.125, 0.125, 0.125, 0.125]",8,5.177732503041625,1e-12,batch_size * history_size * latent_feature_dim,4.057001775641053,"[3.230779325747888, 4.987512492617623, 4.8022718120380326, 3.8371179866789467, 3.380294200554919, 3.6911397417163587, 2.647383109847765, 6.765611709376452]","[3.2616136771121376, 5.073913917532359]",4.167763797322248,0.0004402128662804963,"[0.00035056199281118574, 0.000541179740952433, 0.0005210798407159323, 0.00041635394820735096, 0.00036678539502549035, 0.00040051429489109796, 0.000287259452023412, 0.0007341158538819935]","[0.00035390773406164685, 0.0005505548955655771]",0.00045223131481361196,192,9216,576,LeWM,/opt/workspace/explorer-env/dataset/ag_data/data/world_model/quentinll/lewm-cube/ckpt/cube_lewm_noise_0to008_p1_seed3073/cube_lewm_noise_0to008_p1_seed3073_epoch_10_object.ckpt,0.06923112645745277,['/opt/workspace/explorer-env/dataset/ag_data/data/world_model/quentinll/lewm-cube/ckpt/cube_lewm_noise_0to008_p1_seed3073'],16,exact autograd JVP with unclipped Hutchinson trace estimates and finite-probe intervals; not a full Jacobian matrix or closed-loop guarantee,2046748672,bytes,7225344,64.666667,true,8,8,none before per-anchor radius normalization,24576,identity in the selected embedding_space,447.90135955810547,"[394.05983712477865, 501.7428819914323]",0.04860040793816248,72.67922375902451,"batch-major canonical weighted stack of (H, D) into (H*D)",/opt/workspace/explorer-env/dataset/ag_data/data/world_model/quentinll/lewm-cube/ckpt/cube_lewm_noise_0to008_p1_seed3073,4.503875970840454e-06,1.0,ok,0.08,cube_lewm_noise_0to008_p1_seed3073,Cube,seconds,3073,10.868567880243063,b623cb54d09df98c4c38c00124249b4449801d55e6d7e7d8900d75dc39466712
4.8432811223100405,kappa_relative_isotropic,1.0,2.3820318136256216,base,64.0,1881.539291381836,"[1694.780755374721, 2068.297827388951]",0.0002604082644898064,252.10032729251444,5.922535553574562,normalized,11917.21630859375,"[11071.824843374206, 12762.607773813294]",0.0016493631733788385,1141.1712129935831,"unclipped normal mean interval using sample standard error; descriptive Monte Carlo uncertainty, not a formal coverage guarantee",,3,uniform alpha_k=1/H applied as sqrt(alpha_k),"[0.125, 0.125, 0.125, 0.125, 0.125, 0.125, 0.125, 0.125]",8,7.811860052868724,1e-12,batch_size * history_size * latent_feature_dim,4.8432811223100405,"[4.268006688671054, 6.77508410302602, 5.443306105747911, 6.855071245228858, 3.7383826898058183, 2.802327827767373, 4.266323823590283, 7.0204289573355]","[4.028879513827946, 6.263353346465258]",5.146116430146602,0.0005255296356673221,"[0.00046310836465614734, 0.0007351436743734831, 0.0005906365132104938, 0.0007438228347687563, 0.00040564048283483274, 0.000304072029922675, 0.0004629257621083206, 0.0007617652948497721]","[0.0004371614055802894, 0.0006796173336008309]",0.0005583893695905602,192,9216,576,LeWM,/opt/workspace/explorer-env/dataset/ag_data/data/world_model/quentinll/lewm-cube/ckpt/cube_lewm_baseline_seed3074/cube_lewm_baseline_seed3074_epoch_10_object.ckpt,0.22995894588530064,['/opt/workspace/explorer-env/dataset/ag_data/data/world_model/quentinll/lewm-cube/ckpt/cube_lewm_baseline_seed3074'],16,exact autograd JVP with unclipped Hutchinson trace estimates and finite-probe intervals; not a full Jacobian matrix or closed-loop guarantee,1857862656,bytes,7225344,43.333333,false,8,8,none before per-anchor radius normalization,24576,identity in the selected embedding_space,300.4285888671875,"[257.65398433580367, 343.20319339857133]",0.03259858820173475,57.74028878529502,"batch-major canonical weighted stack of (H, D) into (H*D)",/opt/workspace/explorer-env/dataset/ag_data/data/world_model/quentinll/lewm-cube/ckpt/cube_lewm_baseline_seed3074,22.104836497455835,0.44999998807907104,ok,0.00,cube_lewm_baseline_seed3074,Cube,seconds,3074,36.287579353898764,4749635cad50fb2f9e6174e17e3ba7ca5b2b757cfe1b539f8e376e0c950d7a26
4.329337104282622,kappa_relative_isotropic,0.31327346075043355,0.7462273498721302,onset,62.333333,155.69229793548584,"[130.15371794243038, 181.2308779285413]",2.1548081023614356e-05,34.473842601711446,5.576011849567294,normalized,896.5960845947266,"[828.6554256471557, 964.5367435422975]",0.00012409043563804388,91.71126912506521,"unclipped normal mean interval using sample standard error; descriptive Monte Carlo uncertainty, not a formal coverage guarantee",,3,uniform alpha_k=1/H applied as sqrt(alpha_k),"[0.125, 0.125, 0.125, 0.125, 0.125, 0.125, 0.125, 0.125]",8,6.5379739329218864,1e-12,batch_size * history_size * latent_feature_dim,4.329337104282622,"[3.6662489436834984, 3.237907907314761, 3.5047347430574325, 3.5608230505937044, 5.3013006475465, 5.248455909206699, 6.691772759572354, 4.175625460425027]","[3.585842002777375, 5.2608753525726195]",4.423358677674997,0.00046976314065566647,"[0.0003978134704517685, 0.00035133549341523015, 0.0003802880580574471, 0.0003863740289272683, 0.0005752279348466254, 0.0005694939137594075, 0.0007261038150577641, 0.0004530843598551462]","[0.00038908875898192, 0.0005708415096107443]",0.00047996513429633214,192,9216,576,LeWM,/opt/workspace/explorer-env/dataset/ag_data/data/world_model/quentinll/lewm-cube/ckpt/cube_lewm_noise_0to003_p1_seed3074/cube_lewm_noise_0to003_p1_seed3074_epoch_10_object.ckpt,0.09679828397929668,['/opt/workspace/explorer-env/dataset/ag_data/data/world_model/quentinll/lewm-cube/ckpt/cube_lewm_noise_0to003_p1_seed3074'],16,exact autograd JVP with unclipped Hutchinson trace estimates and finite-probe intervals; not a full Jacobian matrix or closed-loop guarantee,2046748672,bytes,7225344,65.333333,true,8,8,none before per-anchor radius normalization,24576,identity in the selected embedding_space,369.6505470275879,"[332.74982801316474, 406.55126604201104]",0.04010965137018098,49.81128862838578,"batch-major canonical weighted stack of (H, D) into (H*D)",/opt/workspace/explorer-env/dataset/ag_data/data/world_model/quentinll/lewm-cube/ckpt/cube_lewm_noise_0to003_p1_seed3074,4.647299647331238e-06,0.9899999499320984,ok,0.03,cube_lewm_noise_0to003_p1_seed3074,Cube,seconds,3074,12.250104004517198,0162b1cdbd88d0b4543c35f07946e1af3e0886d5e7e039a3966324605edf02aa
4.456899678206605,kappa_relative_isotropic,0.045319134209397885,0.107951619452755,endpoint,57.0,52.85161352157593,"[45.802074869284276, 59.90115217386758]",7.3147539441133775e-06,9.515982720255684,5.483222207054496,normalized,300.0365104675293,"[278.13859627565114, 321.93442465940745]",4.1525567567098435e-05,29.559405705480398,"unclipped normal mean interval using sample standard error; descriptive Monte Carlo uncertainty, not a formal coverage guarantee",,3,uniform alpha_k=1/H applied as sqrt(alpha_k),"[0.125, 0.125, 0.125, 0.125, 0.125, 0.125, 0.125, 0.125]",8,5.926336497068405,1e-12,batch_size * history_size * latent_feature_dim,4.456899678206605,"[2.939482809837434, 3.5374778194988155, 6.323791250907568, 4.302314846529217, 5.725101679125109, 4.520212244542752, 3.911991528851133, 5.066629982450031]","[3.7603085592142276, 5.3214419812212865]",4.540875270217757,0.0004836045657776264,"[0.0003189542979424299, 0.00038384090923381247, 0.0006861752659404913, 0.00046683103803485436, 0.0006212132898356237, 0.0004904744188956979, 0.00042447824748818717, 0.0005497645380262621]","[0.0004080195919286271, 0.0005774134094207125]",0.0004927165006746698,192,9216,576,LeWM,/opt/workspace/explorer-env/dataset/ag_data/data/world_model/quentinll/lewm-cube/ckpt/cube_lewm_noise_0to008_p1_seed3074/cube_lewm_noise_0to008_p1_seed3074_epoch_10_object.ckpt,0.061105648055672646,['/opt/workspace/explorer-env/dataset/ag_data/data/world_model/quentinll/lewm-cube/ckpt/cube_lewm_noise_0to008_p1_seed3074'],16,exact autograd JVP with unclipped Hutchinson trace estimates and finite-probe intervals; not a full Jacobian matrix or closed-loop guarantee,2046748672,bytes,7225344,61.0,false,8,8,none before per-anchor radius normalization,24576,identity in the selected embedding_space,364.2451286315918,"[342.9784673862083, 385.5117898769753]",0.039523125936587654,28.707294322418278,"batch-major canonical weighted stack of (H, D) into (H*D)",/opt/workspace/explorer-env/dataset/ag_data/data/world_model/quentinll/lewm-cube/ckpt/cube_lewm_noise_0to008_p1_seed3074,4.166737198829651e-06,1.0,ok,0.08,cube_lewm_noise_0to008_p1_seed3074,Cube,seconds,3074,11.51470455341041,1151853cca089b72e91857d1756bd8f4c49c57a295c54e743fe8959ffc883e5e
