ir_q90_source,calibration_error_max_relative,calibration_error_mean_relative,checkpoint_sha256,checkpoint_type,clean_success,embedding_space,history_size,horizon_weights,hutchinson_probes,imagenet_channel_std,input_coordinate_system,jvp_gaussian_trace,jvp_gaussian_trace_mean_ci95_unclipped,jvp_gaussian_trace_per_sequence,jvp_gaussian_trace_probe_pstdev,model_family,model_file,model_input_coordinate_system,model_load_time,model_search_dirs,n_sequences,peak_gpu_memory_bytes,pixel_to_model_tangent_scale,pixels_std0.08_success,recovery_label,remainder_loglog_order_descriptive,rollout_horizon,rollout_normalization,rollout_projection,run_path,status,std_key,subdir,task,timing_unit,training_seed,wall_time
1.5144974763039856,0.2695734948571942,0.19401033504454537,81a8ad466420eeec7d79d59338c8da2e3b551c56e8ff154ae8409efade6bad02,base,94.0,normalized,3,uniform alpha_k=1/H applied as sqrt(alpha_k),8,"[0.2290000021457672, 0.2240000069141388, 0.22499999403953552]",raw pixel-space Gaussian sigma,846234.4609375,"[694931.3145475527, 997537.6073274473]",52889.65380859375,204240.0499639799,LeWM,/opt/workspace/explorer-env/dataset/ag_data/data/world_model/quentinll/lewm-tworooms/ckpt/tworoom_lewm_20260430/tworoom_lewm_20260430_epoch_10_object.ckpt,ImageNet-normalized tensor,0.3827053215354681,['/opt/workspace/explorer-env/dataset/ag_data/data/world_model/quentinll/lewm-tworooms/ckpt/tworoom_lewm_20260430'],16,1819782656,per-channel reciprocal ImageNet std,65.66666666666667,false,2.0180057489693577,8,none for linearization; canonical per-anchor scale for ATR grid,identity in selected embedding_space,/opt/workspace/explorer-env/dataset/ag_data/data/world_model/quentinll/lewm-tworooms/ckpt/tworoom_lewm_20260430,ok,0.00,tworoom_lewm_20260430,TwoRoom,seconds,3072,11.307017847895622
1.0454658513469122,0.16875456068773012,0.14636534560509856,7308b4b8e5e9c28461f991d5a5d01cb8a346c7cd67bd43608dbf7f00b6f6d701,onset,93.66666666666667,normalized,3,uniform alpha_k=1/H applied as sqrt(alpha_k),8,"[0.2290000021457672, 0.2240000069141388, 0.22499999403953552]",raw pixel-space Gaussian sigma,98356.169921875,"[74297.0598434153, 122415.2800003347]",6147.2606201171875,32476.745935271447,LeWM,/opt/workspace/explorer-env/dataset/ag_data/data/world_model/quentinll/lewm-tworooms/ckpt/tworoom_lewm_noise_0to001_p1/tworoom_lewm_noise_0to001_p1_epoch_10_object.ckpt,ImageNet-normalized tensor,0.08235269039869308,['/opt/workspace/explorer-env/dataset/ag_data/data/world_model/quentinll/lewm-tworooms/ckpt/tworoom_lewm_noise_0to001_p1'],16,1820044800,per-channel reciprocal ImageNet std,94.0,true,1.8406951753430576,8,none for linearization; canonical per-anchor scale for ATR grid,identity in selected embedding_space,/opt/workspace/explorer-env/dataset/ag_data/data/world_model/quentinll/lewm-tworooms/ckpt/tworoom_lewm_noise_0to001_p1,ok,0.01,tworoom_lewm_noise_0to001_p1,TwoRoom,seconds,3072,6.161032572388649
0.09345786316418216,0.9272778531223743,0.3406725651591552,a1b2c7804e5b8a1db3e992a51c5938cfebdd1aa9da66fa7dfa413da583cf45ed,endpoint,98.33333333333333,normalized,3,uniform alpha_k=1/H applied as sqrt(alpha_k),8,"[0.2290000021457672, 0.2240000069141388, 0.22499999403953552]",raw pixel-space Gaussian sigma,1501.067123413086,"[1077.7068642538316, 1924.4273825723403]",93.81669521331787,571.4826330220621,LeWM,/opt/workspace/explorer-env/dataset/ag_data/data/world_model/quentinll/lewm-tworooms/ckpt/tworoom_lewm_noise_0to008_p1/tworoom_lewm_noise_0to008_p1_epoch_10_object.ckpt,ImageNet-normalized tensor,0.06638870015740395,['/opt/workspace/explorer-env/dataset/ag_data/data/world_model/quentinll/lewm-tworooms/ckpt/tworoom_lewm_noise_0to008_p1'],16,1820044800,per-channel reciprocal ImageNet std,97.66666666666667,true,1.1924240402667314,8,none for linearization; canonical per-anchor scale for ATR grid,identity in selected embedding_space,/opt/workspace/explorer-env/dataset/ag_data/data/world_model/quentinll/lewm-tworooms/ckpt/tworoom_lewm_noise_0to008_p1,ok,0.08,tworoom_lewm_noise_0to008_p1,TwoRoom,seconds,3072,6.678416598588228
1.5172889279112693,1.1341086884331457,0.744178680511117,c05b459e293b20a84be895cfe0506dfed205b5695dc27d05d1fea0d0a319ef5f,base,94.333333,normalized,3,uniform alpha_k=1/H applied as sqrt(alpha_k),8,"[0.2290000021457672, 0.2240000069141388, 0.22499999403953552]",raw pixel-space Gaussian sigma,493610.986328125,"[351469.830547231, 635752.142109019]",30850.686645507812,191872.5251344574,LeWM,/opt/workspace/explorer-env/dataset/ag_data/data/world_model/quentinll/lewm-tworooms/ckpt/tworoom_lewm_baseline_seed3073/tworoom_lewm_baseline_seed3073_epoch_10_object.ckpt,ImageNet-normalized tensor,0.26252856850624084,['/opt/workspace/explorer-env/dataset/ag_data/data/world_model/quentinll/lewm-tworooms/ckpt/tworoom_lewm_baseline_seed3073'],16,1819782656,per-channel reciprocal ImageNet std,71.666667,false,2.4305016177951018,8,none for linearization; canonical per-anchor scale for ATR grid,identity in selected embedding_space,/opt/workspace/explorer-env/dataset/ag_data/data/world_model/quentinll/lewm-tworooms/ckpt/tworoom_lewm_baseline_seed3073,ok,0.00,tworoom_lewm_baseline_seed3073,TwoRoom,seconds,3073,9.52875273860991
1.2074334060413774,0.11093063305359052,0.08497505443622547,7ecb71e35b6b64163ddee7b5007e66061d59744ecadffe09f30e3509a515c242,onset,96.333333,normalized,3,uniform alpha_k=1/H applied as sqrt(alpha_k),8,"[0.2290000021457672, 0.2240000069141388, 0.22499999403953552]",raw pixel-space Gaussian sigma,104519.07666015625,"[75942.98620767979, 133095.1671126327]",6532.442291259766,38574.09631619385,LeWM,/opt/workspace/explorer-env/dataset/ag_data/data/world_model/quentinll/lewm-tworooms/ckpt/tworoom_lewm_noise_0to001_p1_seed3073/tworoom_lewm_noise_0to001_p1_seed3073_epoch_10_object.ckpt,ImageNet-normalized tensor,0.1012211050838232,['/opt/workspace/explorer-env/dataset/ag_data/data/world_model/quentinll/lewm-tworooms/ckpt/tworoom_lewm_noise_0to001_p1_seed3073'],16,1820044800,per-channel reciprocal ImageNet std,95.666667,true,1.6305342163363579,8,none for linearization; canonical per-anchor scale for ATR grid,identity in selected embedding_space,/opt/workspace/explorer-env/dataset/ag_data/data/world_model/quentinll/lewm-tworooms/ckpt/tworoom_lewm_noise_0to001_p1_seed3073,ok,0.01,tworoom_lewm_noise_0to001_p1_seed3073,TwoRoom,seconds,3073,7.4875369388610125
0.1321221251210847,0.5625748873073556,0.20838760840766343,421206f8723f5a94e464484033109a4cd5f6997b29cda479bf25618513951b11,endpoint,97.0,normalized,3,uniform alpha_k=1/H applied as sqrt(alpha_k),8,"[0.2290000021457672, 0.2240000069141388, 0.22499999403953552]",raw pixel-space Gaussian sigma,3695.9551391601562,"[2649.942508867929, 4741.967769452383]",230.99719619750977,1411.98433060499,LeWM,/opt/workspace/explorer-env/dataset/ag_data/data/world_model/quentinll/lewm-tworooms/ckpt/tworoom_lewm_noise_0to008_p1_seed3073/tworoom_lewm_noise_0to008_p1_seed3073_epoch_10_object.ckpt,ImageNet-normalized tensor,0.06964277662336826,['/opt/workspace/explorer-env/dataset/ag_data/data/world_model/quentinll/lewm-tworooms/ckpt/tworoom_lewm_noise_0to008_p1_seed3073'],16,1820044800,per-channel reciprocal ImageNet std,97.333333,true,1.0923015494566022,8,none for linearization; canonical per-anchor scale for ATR grid,identity in selected embedding_space,/opt/workspace/explorer-env/dataset/ag_data/data/world_model/quentinll/lewm-tworooms/ckpt/tworoom_lewm_noise_0to008_p1_seed3073,ok,0.08,tworoom_lewm_noise_0to008_p1_seed3073,TwoRoom,seconds,3073,6.571746380999684
1.4947153046014692,0.2616577911577471,0.11706029835056231,4a536f39666d8b37a27dca953b4892a4a91c0a9c34a001fe145f7089848a7baf,base,95.666667,normalized,3,uniform alpha_k=1/H applied as sqrt(alpha_k),8,"[0.2290000021457672, 0.2240000069141388, 0.22499999403953552]",raw pixel-space Gaussian sigma,715146.41796875,"[550277.5792341817, 880015.2567033183]",44696.651123046875,222552.01338555137,LeWM,/opt/workspace/explorer-env/dataset/ag_data/data/world_model/quentinll/lewm-tworooms/ckpt/tworoom_lewm_baseline_seed3074/tworoom_lewm_baseline_seed3074_epoch_10_object.ckpt,ImageNet-normalized tensor,0.3842833358794451,['/opt/workspace/explorer-env/dataset/ag_data/data/world_model/quentinll/lewm-tworooms/ckpt/tworoom_lewm_baseline_seed3074'],16,1819782656,per-channel reciprocal ImageNet std,69.0,false,2.533711254016602,8,none for linearization; canonical per-anchor scale for ATR grid,identity in selected embedding_space,/opt/workspace/explorer-env/dataset/ag_data/data/world_model/quentinll/lewm-tworooms/ckpt/tworoom_lewm_baseline_seed3074,ok,0.00,tworoom_lewm_baseline_seed3074,TwoRoom,seconds,3074,11.608197275549173
0.527574942818781,0.09814591411622328,0.08509142091377138,0cb5dabe23072dee8a6e473185e4eb2919a3bca74c46a085174d502cee627c7f,onset,97.333333,normalized,3,uniform alpha_k=1/H applied as sqrt(alpha_k),8,"[0.2290000021457672, 0.2240000069141388, 0.22499999403953552]",raw pixel-space Gaussian sigma,36744.32275390625,"[25356.14707967949, 48132.49842813301]",2296.5201721191406,15372.592204448638,LeWM,/opt/workspace/explorer-env/dataset/ag_data/data/world_model/quentinll/lewm-tworooms/ckpt/tworoom_lewm_noise_0to002_p1_seed3074/tworoom_lewm_noise_0to002_p1_seed3074_epoch_10_object.ckpt,ImageNet-normalized tensor,0.08394421078264713,['/opt/workspace/explorer-env/dataset/ag_data/data/world_model/quentinll/lewm-tworooms/ckpt/tworoom_lewm_noise_0to002_p1_seed3074'],16,1820044800,per-channel reciprocal ImageNet std,97.666667,true,1.9489349034280303,8,none for linearization; canonical per-anchor scale for ATR grid,identity in selected embedding_space,/opt/workspace/explorer-env/dataset/ag_data/data/world_model/quentinll/lewm-tworooms/ckpt/tworoom_lewm_noise_0to002_p1_seed3074,ok,0.02,tworoom_lewm_noise_0to002_p1_seed3074,TwoRoom,seconds,3074,7.60535073839128
0.1080286071798046,2.2149798138901873,0.8238028010820044,3cc9d3f0e63497e746f953a66a6da7bba23e1916661ba5c3348f2b99ef79f6a1,endpoint,96.333333,normalized,3,uniform alpha_k=1/H applied as sqrt(alpha_k),8,"[0.2290000021457672, 0.2240000069141388, 0.22499999403953552]",raw pixel-space Gaussian sigma,1938.1149444580078,"[1574.8942605633238, 2301.335628352692]",121.13218402862549,490.3018370510904,LeWM,/opt/workspace/explorer-env/dataset/ag_data/data/world_model/quentinll/lewm-tworooms/ckpt/tworoom_lewm_noise_0to008_p1_seed3074/tworoom_lewm_noise_0to008_p1_seed3074_epoch_10_object.ckpt,ImageNet-normalized tensor,0.07573581673204899,['/opt/workspace/explorer-env/dataset/ag_data/data/world_model/quentinll/lewm-tworooms/ckpt/tworoom_lewm_noise_0to008_p1_seed3074'],16,1820044800,per-channel reciprocal ImageNet std,96.333333,true,-0.024766445751008892,8,none for linearization; canonical per-anchor scale for ATR grid,identity in selected embedding_space,/opt/workspace/explorer-env/dataset/ag_data/data/world_model/quentinll/lewm-tworooms/ckpt/tworoom_lewm_noise_0to008_p1_seed3074,ok,0.08,tworoom_lewm_noise_0to008_p1_seed3074,TwoRoom,seconds,3074,6.145505314692855
3.4252009231417477,0.4055492935098495,0.3154014762063047,8e64200a2572860504b2c8827a8a01eb905731befe81ae2cb6177c4da7cbbf25,base,86.33333333333333,normalized,3,uniform alpha_k=1/H applied as sqrt(alpha_k),8,"[0.2290000021457672, 0.2240000069141388, 0.22499999403953552]",raw pixel-space Gaussian sigma,484088.7109375,"[410022.9121439565, 558154.5097310435]",30255.54443359375,99979.43074646112,LeWM,/opt/workspace/explorer-env/dataset/ag_data/data/world_model/quentinll/lewm-pusht/ckpt/pusht_lewm_20260430/pusht_lewm_20260430_epoch_10_object.ckpt,ImageNet-normalized tensor,0.359068913385272,['/opt/workspace/explorer-env/dataset/ag_data/data/world_model/quentinll/lewm-pusht/ckpt/pusht_lewm_20260430'],16,1819782656,per-channel reciprocal ImageNet std,4.333333333333333,false,1.2104632379195395,8,none for linearization; canonical per-anchor scale for ATR grid,identity in selected embedding_space,/opt/workspace/explorer-env/dataset/ag_data/data/world_model/quentinll/lewm-pusht/ckpt/pusht_lewm_20260430,ok,0.00,pusht_lewm_20260430,PushT,seconds,3072,14.103636637330055
1.078168166445085,0.5532426514849664,0.22262897703985737,f488bacdeb822466fd1817a9d37b733d81c279dd815788a1ec3977ea69da69c4,onset,88.33333333333333,normalized,3,uniform alpha_k=1/H applied as sqrt(alpha_k),8,"[0.2290000021457672, 0.2240000069141388, 0.22499999403953552]",raw pixel-space Gaussian sigma,17280.717163085938,"[11984.571116666128, 22576.863209505747]",1080.044822692871,7149.125176482021,LeWM,/opt/workspace/explorer-env/dataset/ag_data/data/world_model/quentinll/lewm-pusht/ckpt/pusht_lewm_noise_0to002_p1/pusht_lewm_noise_0to002_p1_epoch_10_object.ckpt,ImageNet-normalized tensor,0.09281571581959724,['/opt/workspace/explorer-env/dataset/ag_data/data/world_model/quentinll/lewm-pusht/ckpt/pusht_lewm_noise_0to002_p1'],16,1820044800,per-channel reciprocal ImageNet std,73.66666666666667,true,3.034341098769317,8,none for linearization; canonical per-anchor scale for ATR grid,identity in selected embedding_space,/opt/workspace/explorer-env/dataset/ag_data/data/world_model/quentinll/lewm-pusht/ckpt/pusht_lewm_noise_0to002_p1,ok,0.02,pusht_lewm_noise_0to002_p1,PushT,seconds,3072,10.114621644839644
0.22418129709450388,0.2632222000101073,0.16662784886536147,6681c42b53d16c5382d783b2482b1c6ef3ce5c82c4d6ef6c4ec050e017bd2522,endpoint,88.33333333333333,normalized,3,uniform alpha_k=1/H applied as sqrt(alpha_k),8,"[0.2290000021457672, 0.2240000069141388, 0.22499999403953552]",raw pixel-space Gaussian sigma,3504.8594970703125,"[1529.6632660391392, 5480.055728101486]",219.05371856689453,2666.264294826819,LeWM,/opt/workspace/explorer-env/dataset/ag_data/data/world_model/quentinll/lewm-pusht/ckpt/pusht_lewm_noise_0to008_p1/pusht_lewm_noise_0to008_p1_epoch_10_object.ckpt,ImageNet-normalized tensor,0.0989974606782198,['/opt/workspace/explorer-env/dataset/ag_data/data/world_model/quentinll/lewm-pusht/ckpt/pusht_lewm_noise_0to008_p1'],16,1820044800,per-channel reciprocal ImageNet std,89.0,true,2.3241367027523,8,none for linearization; canonical per-anchor scale for ATR grid,identity in selected embedding_space,/opt/workspace/explorer-env/dataset/ag_data/data/world_model/quentinll/lewm-pusht/ckpt/pusht_lewm_noise_0to008_p1,ok,0.08,pusht_lewm_noise_0to008_p1,PushT,seconds,3072,10.253805318847299
3.9464090489730728,1.1135843953282185,0.4279875918058874,be0bdec81f1cd7ed2404f519924a6440d9b85dbbf1a1556dab996007d6c6d70b,base,75.0,normalized,3,uniform alpha_k=1/H applied as sqrt(alpha_k),8,"[0.2290000021457672, 0.2240000069141388, 0.22499999403953552]",raw pixel-space Gaussian sigma,221428.2607421875,"[133447.08458867366, 309409.43689570134]",13839.266296386719,118763.4245699816,LeWM,/opt/workspace/explorer-env/dataset/ag_data/data/world_model/quentinll/lewm-pusht/ckpt/pusht_lewm_baseline_seed3073/pusht_lewm_baseline_seed3073_epoch_10_object.ckpt,ImageNet-normalized tensor,0.3676825352013111,['/opt/workspace/explorer-env/dataset/ag_data/data/world_model/quentinll/lewm-pusht/ckpt/pusht_lewm_baseline_seed3073'],16,1819782656,per-channel reciprocal ImageNet std,2.0,false,2.7580157385547377,8,none for linearization; canonical per-anchor scale for ATR grid,identity in selected embedding_space,/opt/workspace/explorer-env/dataset/ag_data/data/world_model/quentinll/lewm-pusht/ckpt/pusht_lewm_baseline_seed3073,ok,0.00,pusht_lewm_baseline_seed3073,PushT,seconds,3073,14.987809235230088
0.7399988157138043,0.24098120487735347,0.13271237324389498,9e0067c2b03b53c946f328ce0db9e24ec35c341888d312e6c30618efb5362be6,onset,89.666667,normalized,3,uniform alpha_k=1/H applied as sqrt(alpha_k),8,"[0.2290000021457672, 0.2240000069141388, 0.22499999403953552]",raw pixel-space Gaussian sigma,5733.672790527344,"[4012.7633428025656, 7454.582238252122]",358.354549407959,2323.0094018067725,LeWM,/opt/workspace/explorer-env/dataset/ag_data/data/world_model/quentinll/lewm-pusht/ckpt/pusht_lewm_noise_0to003_p1_seed3073/pusht_lewm_noise_0to003_p1_seed3073_epoch_10_object.ckpt,ImageNet-normalized tensor,0.08883943222463131,['/opt/workspace/explorer-env/dataset/ag_data/data/world_model/quentinll/lewm-pusht/ckpt/pusht_lewm_noise_0to003_p1_seed3073'],16,1820044800,per-channel reciprocal ImageNet std,80.666667,true,1.5582262365295891,8,none for linearization; canonical per-anchor scale for ATR grid,identity in selected embedding_space,/opt/workspace/explorer-env/dataset/ag_data/data/world_model/quentinll/lewm-pusht/ckpt/pusht_lewm_noise_0to003_p1_seed3073,ok,0.03,pusht_lewm_noise_0to003_p1_seed3073,PushT,seconds,3073,10.076926082372665
0.2663277454467475,0.13903110487087222,0.09976000116189729,7544ec042eb38d0609457d67abf48cd9323f69f0e8d53715194c2c2f5c51f65d,endpoint,84.666667,normalized,3,uniform alpha_k=1/H applied as sqrt(alpha_k),8,"[0.2290000021457672, 0.2240000069141388, 0.22499999403953552]",raw pixel-space Gaussian sigma,1765.5204772949219,"[1348.6699092886229, 2182.371045301221]",110.34502983093262,562.6953759289207,LeWM,/opt/workspace/explorer-env/dataset/ag_data/data/world_model/quentinll/lewm-pusht/ckpt/pusht_lewm_noise_0to008_p1_seed3073/pusht_lewm_noise_0to008_p1_seed3073_epoch_10_object.ckpt,ImageNet-normalized tensor,0.07648986019194126,['/opt/workspace/explorer-env/dataset/ag_data/data/world_model/quentinll/lewm-pusht/ckpt/pusht_lewm_noise_0to008_p1_seed3073'],16,1820044800,per-channel reciprocal ImageNet std,81.0,true,2.812529025719123,8,none for linearization; canonical per-anchor scale for ATR grid,identity in selected embedding_space,/opt/workspace/explorer-env/dataset/ag_data/data/world_model/quentinll/lewm-pusht/ckpt/pusht_lewm_noise_0to008_p1_seed3073,ok,0.08,pusht_lewm_noise_0to008_p1_seed3073,PushT,seconds,3073,11.173491168767214
3.368840925923857,0.19921778076694752,0.14962722043050228,016f5b0fb429c1433ffe51a06736a69e3756665d97f6798939d9850b006c234b,base,84.0,normalized,3,uniform alpha_k=1/H applied as sqrt(alpha_k),8,"[0.2290000021457672, 0.2240000069141388, 0.22499999403953552]",raw pixel-space Gaussian sigma,224241.6064453125,"[118103.28337704757, 330379.92951357743]",14015.100402832031,143273.26908778524,LeWM,/opt/workspace/explorer-env/dataset/ag_data/data/world_model/quentinll/lewm-pusht/ckpt/pusht_lewm_baseline_seed3074/pusht_lewm_baseline_seed3074_epoch_10_object.ckpt,ImageNet-normalized tensor,0.3259783312678337,['/opt/workspace/explorer-env/dataset/ag_data/data/world_model/quentinll/lewm-pusht/ckpt/pusht_lewm_baseline_seed3074'],16,1819782656,per-channel reciprocal ImageNet std,15.333333,false,1.7185633185814262,8,none for linearization; canonical per-anchor scale for ATR grid,identity in selected embedding_space,/opt/workspace/explorer-env/dataset/ag_data/data/world_model/quentinll/lewm-pusht/ckpt/pusht_lewm_baseline_seed3074,ok,0.00,pusht_lewm_baseline_seed3074,PushT,seconds,3074,14.285023789852858
0.6350778064999901,0.21158136532676505,0.130161025595609,d7daba682b1db3284725a3539aac4a1ed160839cdd01506eaa2c33b2d24e13ac,onset,89.666667,normalized,3,uniform alpha_k=1/H applied as sqrt(alpha_k),8,"[0.2290000021457672, 0.2240000069141388, 0.22499999403953552]",raw pixel-space Gaussian sigma,5707.02392578125,"[3221.734247023695, 8192.313604538806]",356.6889953613281,3354.82572752454,LeWM,/opt/workspace/explorer-env/dataset/ag_data/data/world_model/quentinll/lewm-pusht/ckpt/pusht_lewm_noise_0to003_p1_seed3074/pusht_lewm_noise_0to003_p1_seed3074_epoch_10_object.ckpt,ImageNet-normalized tensor,0.08706090040504932,['/opt/workspace/explorer-env/dataset/ag_data/data/world_model/quentinll/lewm-pusht/ckpt/pusht_lewm_noise_0to003_p1_seed3074'],16,1820044800,per-channel reciprocal ImageNet std,84.666667,true,1.7832448175607274,8,none for linearization; canonical per-anchor scale for ATR grid,identity in selected embedding_space,/opt/workspace/explorer-env/dataset/ag_data/data/world_model/quentinll/lewm-pusht/ckpt/pusht_lewm_noise_0to003_p1_seed3074,ok,0.03,pusht_lewm_noise_0to003_p1_seed3074,PushT,seconds,3074,10.015688018873334
0.24924560008746618,0.2221060935683371,0.1363080620003601,2ac94bcf12e966fefe83dd5352fe759febb50137a5832b93aae0233ef43f4648,endpoint,87.666667,normalized,3,uniform alpha_k=1/H applied as sqrt(alpha_k),8,"[0.2290000021457672, 0.2240000069141388, 0.22499999403953552]",raw pixel-space Gaussian sigma,1950.457534790039,"[1389.6729808869413, 2511.242088693137]",121.90359592437744,756.987994241782,LeWM,/opt/workspace/explorer-env/dataset/ag_data/data/world_model/quentinll/lewm-pusht/ckpt/pusht_lewm_noise_0to008_p1_seed3074/pusht_lewm_noise_0to008_p1_seed3074_epoch_10_object.ckpt,ImageNet-normalized tensor,0.0828019306063652,['/opt/workspace/explorer-env/dataset/ag_data/data/world_model/quentinll/lewm-pusht/ckpt/pusht_lewm_noise_0to008_p1_seed3074'],16,1820044800,per-channel reciprocal ImageNet std,87.333333,true,1.9526699556779983,8,none for linearization; canonical per-anchor scale for ATR grid,identity in selected embedding_space,/opt/workspace/explorer-env/dataset/ag_data/data/world_model/quentinll/lewm-pusht/ckpt/pusht_lewm_noise_0to008_p1_seed3074,ok,0.08,pusht_lewm_noise_0to008_p1_seed3074,PushT,seconds,3074,10.749276427552104
2.612153470267934,10.996774559042063,3.434276115789664,3ec7a5b74482c9bfd2a4fa2f107321270f9e507f71909c278afd33f2262fe1a2,base,58.666666666666664,normalized,3,uniform alpha_k=1/H applied as sqrt(alpha_k),8,"[0.2290000021457672, 0.2240000069141388, 0.22499999403953552]",raw pixel-space Gaussian sigma,53377.6640625,"[45218.77230448689, 61536.55582051311]",3336.10400390625,11013.468655916971,LeWM,/opt/workspace/explorer-env/dataset/ag_data/data/world_model/quentinll/lewm-reacher/ckpt/reacher_lewm_20260430/reacher_lewm_20260430_epoch_10_object.ckpt,ImageNet-normalized tensor,0.5630946978926659,['/opt/workspace/explorer-env/dataset/ag_data/data/world_model/quentinll/lewm-reacher/ckpt/reacher_lewm_20260430'],16,1819782656,per-channel reciprocal ImageNet std,18.333333333333332,false,4.056989449172641,8,none for linearization; canonical per-anchor scale for ATR grid,identity in selected embedding_space,/opt/workspace/explorer-env/dataset/ag_data/data/world_model/quentinll/lewm-reacher/ckpt/reacher_lewm_20260430,ok,0.00,reacher_lewm_20260430,Reacher,seconds,3072,14.376087008044124
0.06478999624693388,0.21646764252865777,0.07461891641540119,3999c3aab785acead851b882407a5fe988b5c11f98f5335c5b19c2fe417f8ef2,onset,85.66666666666667,normalized,3,uniform alpha_k=1/H applied as sqrt(alpha_k),8,"[0.2290000021457672, 0.2240000069141388, 0.22499999403953552]",raw pixel-space Gaussian sigma,168.14504432678223,"[132.22231504112148, 204.06777361244298]",10.50906527042389,48.4911265839568,LeWM,/opt/workspace/explorer-env/dataset/ag_data/data/world_model/quentinll/lewm-reacher/ckpt/reacher_lewm_noise_0to002_p1/reacher_lewm_noise_0to002_p1_epoch_10_object.ckpt,ImageNet-normalized tensor,0.09193645045161247,['/opt/workspace/explorer-env/dataset/ag_data/data/world_model/quentinll/lewm-reacher/ckpt/reacher_lewm_noise_0to002_p1'],16,1820044800,per-channel reciprocal ImageNet std,83.66666666666667,true,0.1424279604709613,8,none for linearization; canonical per-anchor scale for ATR grid,identity in selected embedding_space,/opt/workspace/explorer-env/dataset/ag_data/data/world_model/quentinll/lewm-reacher/ckpt/reacher_lewm_noise_0to002_p1,ok,0.02,reacher_lewm_noise_0to002_p1,Reacher,seconds,3072,9.980159301310778
0.08880907729496679,0.19292521341694405,0.157955250062943,de5cce2fbdcb2e9b9db55b6cac89e1e9acaecd66fa46d562f19564adaa571c15,endpoint,84.0,normalized,3,uniform alpha_k=1/H applied as sqrt(alpha_k),8,"[0.2290000021457672, 0.2240000069141388, 0.22499999403953552]",raw pixel-space Gaussian sigma,365.4365005493164,"[301.19111135072717, 429.68188974790564]",22.839781284332275,86.72312382756247,LeWM,/opt/workspace/explorer-env/dataset/ag_data/data/world_model/quentinll/lewm-reacher/ckpt/reacher_lewm_noise_0to008_p1/reacher_lewm_noise_0to008_p1_epoch_10_object.ckpt,ImageNet-normalized tensor,0.09608328714966774,['/opt/workspace/explorer-env/dataset/ag_data/data/world_model/quentinll/lewm-reacher/ckpt/reacher_lewm_noise_0to008_p1'],16,1820044800,per-channel reciprocal ImageNet std,82.0,true,2.302786672980206,8,none for linearization; canonical per-anchor scale for ATR grid,identity in selected embedding_space,/opt/workspace/explorer-env/dataset/ag_data/data/world_model/quentinll/lewm-reacher/ckpt/reacher_lewm_noise_0to008_p1,ok,0.08,reacher_lewm_noise_0to008_p1,Reacher,seconds,3072,10.104304447770119
2.693261122041363,25.375611595288962,7.837263536806364,71f1d48add14061516630735d6624b6363e4bc7516670625a93e566ee0288b99,base,60.666667,normalized,3,uniform alpha_k=1/H applied as sqrt(alpha_k),8,"[0.2290000021457672, 0.2240000069141388, 0.22499999403953552]",raw pixel-space Gaussian sigma,42317.319091796875,"[33322.2665880477, 51312.37159554605]",2644.8324432373047,12142.179568821022,LeWM,/opt/workspace/explorer-env/dataset/ag_data/data/world_model/quentinll/lewm-reacher/ckpt/reacher_lewm_baseline_seed3073/reacher_lewm_baseline_seed3073_epoch_10_object.ckpt,ImageNet-normalized tensor,0.2723348643630743,['/opt/workspace/explorer-env/dataset/ag_data/data/world_model/quentinll/lewm-reacher/ckpt/reacher_lewm_baseline_seed3073'],16,1819782656,per-channel reciprocal ImageNet std,17.666667,false,4.056809854667402,8,none for linearization; canonical per-anchor scale for ATR grid,identity in selected embedding_space,/opt/workspace/explorer-env/dataset/ag_data/data/world_model/quentinll/lewm-reacher/ckpt/reacher_lewm_baseline_seed3073,ok,0.00,reacher_lewm_baseline_seed3073,Reacher,seconds,3073,13.281025743111968
0.23340795508553996,0.5048847355227815,0.4149623216236494,932c21996d87b181e4a300183d6f27c958c0bbe36590c18abcb7aca1ef54331b,onset,76.0,normalized,3,uniform alpha_k=1/H applied as sqrt(alpha_k),8,"[0.2290000021457672, 0.2240000069141388, 0.22499999403953552]",raw pixel-space Gaussian sigma,796.4781646728516,"[687.930302255771, 905.0260270899321]",49.77988529205322,146.5258414812498,LeWM,/opt/workspace/explorer-env/dataset/ag_data/data/world_model/quentinll/lewm-reacher/ckpt/reacher_lewm_noise_0to003_p1_seed3073/reacher_lewm_noise_0to003_p1_seed3073_epoch_10_object.ckpt,ImageNet-normalized tensor,0.0914918128401041,['/opt/workspace/explorer-env/dataset/ag_data/data/world_model/quentinll/lewm-reacher/ckpt/reacher_lewm_noise_0to003_p1_seed3073'],16,1820044800,per-channel reciprocal ImageNet std,71.0,true,1.8572885048316967,8,none for linearization; canonical per-anchor scale for ATR grid,identity in selected embedding_space,/opt/workspace/explorer-env/dataset/ag_data/data/world_model/quentinll/lewm-reacher/ckpt/reacher_lewm_noise_0to003_p1_seed3073,ok,0.03,reacher_lewm_noise_0to003_p1_seed3073,Reacher,seconds,3073,9.917393401265144
0.07983325670074502,0.31000423981010544,0.22372487695472515,33896b3090db8d14c13428f3671e53fcdcf668782146858ab8adb91f88913071,endpoint,81.666667,normalized,3,uniform alpha_k=1/H applied as sqrt(alpha_k),8,"[0.2290000021457672, 0.2240000069141388, 0.22499999403953552]",raw pixel-space Gaussian sigma,259.71300506591797,"[226.77140500445284, 292.6546051273831]",16.232062816619873,44.46698038325856,LeWM,/opt/workspace/explorer-env/dataset/ag_data/data/world_model/quentinll/lewm-reacher/ckpt/reacher_lewm_noise_0to008_p1_seed3073/reacher_lewm_noise_0to008_p1_seed3073_epoch_10_object.ckpt,ImageNet-normalized tensor,0.07825217209756374,['/opt/workspace/explorer-env/dataset/ag_data/data/world_model/quentinll/lewm-reacher/ckpt/reacher_lewm_noise_0to008_p1_seed3073'],16,1820044800,per-channel reciprocal ImageNet std,82.333333,true,1.7698413950650815,8,none for linearization; canonical per-anchor scale for ATR grid,identity in selected embedding_space,/opt/workspace/explorer-env/dataset/ag_data/data/world_model/quentinll/lewm-reacher/ckpt/reacher_lewm_noise_0to008_p1_seed3073,ok,0.08,reacher_lewm_noise_0to008_p1_seed3073,Reacher,seconds,3073,9.855496920645237
2.5791641540531067,13.019362342850904,4.412918672808295,09c947950af021000ed468aab1a2a205b305bf55d6ea534b2ef0e0b0cfe366a9,base,58.333333,normalized,3,uniform alpha_k=1/H applied as sqrt(alpha_k),8,"[0.2290000021457672, 0.2240000069141388, 0.22499999403953552]",raw pixel-space Gaussian sigma,41621.63330078125,"[34722.05278524881, 48521.21381631369]",2601.352081298828,9313.558262635543,LeWM,/opt/workspace/explorer-env/dataset/ag_data/data/world_model/quentinll/lewm-reacher/ckpt/reacher_lewm_baseline_seed3074/reacher_lewm_baseline_seed3074_epoch_10_object.ckpt,ImageNet-normalized tensor,0.3676239028573036,['/opt/workspace/explorer-env/dataset/ag_data/data/world_model/quentinll/lewm-reacher/ckpt/reacher_lewm_baseline_seed3074'],16,1819782656,per-channel reciprocal ImageNet std,18.666667,false,3.518264234466487,8,none for linearization; canonical per-anchor scale for ATR grid,identity in selected embedding_space,/opt/workspace/explorer-env/dataset/ag_data/data/world_model/quentinll/lewm-reacher/ckpt/reacher_lewm_baseline_seed3074,ok,0.00,reacher_lewm_baseline_seed3074,Reacher,seconds,3074,14.353367863222957
0.28342804287613466,0.04423604049878635,0.02923117856798778,7cd311ccb1446a946458b57bac70779c53d7d9037750a3eaf42d2b5d2ecde906,onset,80.0,normalized,3,uniform alpha_k=1/H applied as sqrt(alpha_k),8,"[0.2290000021457672, 0.2240000069141388, 0.22499999403953552]",raw pixel-space Gaussian sigma,786.4413986206055,"[703.420481106585, 869.4623161346259]",49.15258741378784,112.06770477474731,LeWM,/opt/workspace/explorer-env/dataset/ag_data/data/world_model/quentinll/lewm-reacher/ckpt/reacher_lewm_noise_0to003_p1_seed3074/reacher_lewm_noise_0to003_p1_seed3074_epoch_10_object.ckpt,ImageNet-normalized tensor,0.1010648850351572,['/opt/workspace/explorer-env/dataset/ag_data/data/world_model/quentinll/lewm-reacher/ckpt/reacher_lewm_noise_0to003_p1_seed3074'],16,1820044800,per-channel reciprocal ImageNet std,80.666667,true,2.5754755125010593,8,none for linearization; canonical per-anchor scale for ATR grid,identity in selected embedding_space,/opt/workspace/explorer-env/dataset/ag_data/data/world_model/quentinll/lewm-reacher/ckpt/reacher_lewm_noise_0to003_p1_seed3074,ok,0.03,reacher_lewm_noise_0to003_p1_seed3074,Reacher,seconds,3074,10.393997013568878
0.07801434049559372,0.17718322676531514,0.09867208815575546,e69edf677e06926e3d5949a6e24bfbe8a5e1ec23415f408f4a805fbb5e4b9219,endpoint,78.333333,normalized,3,uniform alpha_k=1/H applied as sqrt(alpha_k),8,"[0.2290000021457672, 0.2240000069141388, 0.22499999403953552]",raw pixel-space Gaussian sigma,275.06458282470703,"[232.07053520984275, 318.0586304395713]",17.19153642654419,58.036509104592156,LeWM,/opt/workspace/explorer-env/dataset/ag_data/data/world_model/quentinll/lewm-reacher/ckpt/reacher_lewm_noise_0to008_p1_seed3074/reacher_lewm_noise_0to008_p1_seed3074_epoch_10_object.ckpt,ImageNet-normalized tensor,0.1425803955644369,['/opt/workspace/explorer-env/dataset/ag_data/data/world_model/quentinll/lewm-reacher/ckpt/reacher_lewm_noise_0to008_p1_seed3074'],16,1820044800,per-channel reciprocal ImageNet std,80.333333,true,1.5543226046051737,8,none for linearization; canonical per-anchor scale for ATR grid,identity in selected embedding_space,/opt/workspace/explorer-env/dataset/ag_data/data/world_model/quentinll/lewm-reacher/ckpt/reacher_lewm_noise_0to008_p1_seed3074,ok,0.08,reacher_lewm_noise_0to008_p1_seed3074,Reacher,seconds,3074,11.44757628813386
2.2742336070066784,6.509487350401767,2.220860587138531,b02607b296f8084b3bf5412ad8339e56b2378d4340e04d21418bca042963b352,base,66.66666666666667,normalized,3,uniform alpha_k=1/H applied as sqrt(alpha_k),8,"[0.2290000021457672, 0.2240000069141388, 0.22499999403953552]",raw pixel-space Gaussian sigma,30974.728515625,"[27814.71622398054, 34134.74080726946]",1935.9205322265625,4265.615644693142,LeWM,/opt/workspace/explorer-env/dataset/ag_data/data/world_model/quentinll/lewm-cube/ckpt/cube_lewm_20260430/cube_lewm_20260430_epoch_10_object.ckpt,ImageNet-normalized tensor,0.394030699506402,['/opt/workspace/explorer-env/dataset/ag_data/data/world_model/quentinll/lewm-cube/ckpt/cube_lewm_20260430'],16,1819794944,per-channel reciprocal ImageNet std,47.0,false,3.617145089960376,8,none for linearization; canonical per-anchor scale for ATR grid,identity in selected embedding_space,/opt/workspace/explorer-env/dataset/ag_data/data/world_model/quentinll/lewm-cube/ckpt/cube_lewm_20260430,ok,0.00,cube_lewm_20260430,Cube,seconds,3072,14.816861236467957
0.7240019399862586,0.08872933238948846,0.06653351789782502,6f4342564852c37b8e1f0123f8d345fd158f8268a4ca39edca95c5a4f3278822,onset,65.0,normalized,3,uniform alpha_k=1/H applied as sqrt(alpha_k),8,"[0.2290000021457672, 0.2240000069141388, 0.22499999403953552]",raw pixel-space Gaussian sigma,2132.1842651367188,"[1728.1783661733352, 2536.1901641001023]",133.26151657104492,545.3567024796941,LeWM,/opt/workspace/explorer-env/dataset/ag_data/data/world_model/quentinll/lewm-cube/ckpt/cube_lewm_noise_0to003_p1/cube_lewm_noise_0to003_p1_epoch_10_object.ckpt,ImageNet-normalized tensor,0.14044191874563694,['/opt/workspace/explorer-env/dataset/ag_data/data/world_model/quentinll/lewm-cube/ckpt/cube_lewm_noise_0to003_p1'],16,1820057088,per-channel reciprocal ImageNet std,68.33333333333333,true,2.204215421956606,8,none for linearization; canonical per-anchor scale for ATR grid,identity in selected embedding_space,/opt/workspace/explorer-env/dataset/ag_data/data/world_model/quentinll/lewm-cube/ckpt/cube_lewm_noise_0to003_p1,ok,0.03,cube_lewm_noise_0to003_p1,Cube,seconds,3072,11.116333574056625
0.09119283847319774,0.06472176769636172,0.04282685778431656,4e86a5623d251fc3bd4f2c8e02a2089f2fc74f605d3ccfd48c808867274e6854,endpoint,62.333333333333336,normalized,3,uniform alpha_k=1/H applied as sqrt(alpha_k),8,"[0.2290000021457672, 0.2240000069141388, 0.22499999403953552]",raw pixel-space Gaussian sigma,877.092658996582,"[778.8755953641545, 975.3097226290096]",54.81829118728638,132.58057391551503,LeWM,/opt/workspace/explorer-env/dataset/ag_data/data/world_model/quentinll/lewm-cube/ckpt/cube_lewm_noise_0to008_p1/cube_lewm_noise_0to008_p1_epoch_10_object.ckpt,ImageNet-normalized tensor,0.07256939262151718,['/opt/workspace/explorer-env/dataset/ag_data/data/world_model/quentinll/lewm-cube/ckpt/cube_lewm_noise_0to008_p1'],16,1820057088,per-channel reciprocal ImageNet std,62.0,false,1.9110156236732212,8,none for linearization; canonical per-anchor scale for ATR grid,identity in selected embedding_space,/opt/workspace/explorer-env/dataset/ag_data/data/world_model/quentinll/lewm-cube/ckpt/cube_lewm_noise_0to008_p1,ok,0.08,cube_lewm_noise_0to008_p1,Cube,seconds,3072,11.187529159709811
2.3036574016869658,7.8826356440938,2.676105836067109,7265463b5ab5d630309e6ce01b669068e2810b0d3acc53df705c2fb289cbc80a,base,65.0,normalized,3,uniform alpha_k=1/H applied as sqrt(alpha_k),8,"[0.2290000021457672, 0.2240000069141388, 0.22499999403953552]",raw pixel-space Gaussian sigma,44764.8671875,"[41859.36224905712, 47670.37212594288]",2797.80419921875,3922.0630103009676,LeWM,/opt/workspace/explorer-env/dataset/ag_data/data/world_model/quentinll/lewm-cube/ckpt/cube_lewm_baseline_seed3073/cube_lewm_baseline_seed3073_epoch_10_object.ckpt,ImageNet-normalized tensor,0.28319982811808586,['/opt/workspace/explorer-env/dataset/ag_data/data/world_model/quentinll/lewm-cube/ckpt/cube_lewm_baseline_seed3073'],16,1819794944,per-channel reciprocal ImageNet std,39.0,false,3.6214961004063233,8,none for linearization; canonical per-anchor scale for ATR grid,identity in selected embedding_space,/opt/workspace/explorer-env/dataset/ag_data/data/world_model/quentinll/lewm-cube/ckpt/cube_lewm_baseline_seed3073,ok,0.00,cube_lewm_baseline_seed3073,Cube,seconds,3073,13.747495805844665
0.6640239554413109,0.03378242294676583,0.025046040344119738,57cf6550c876d081223b23805cd9c14a813d1d506471b7f23a92c8942a0b780f,onset,66.333333,normalized,3,uniform alpha_k=1/H applied as sqrt(alpha_k),8,"[0.2290000021457672, 0.2240000069141388, 0.22499999403953552]",raw pixel-space Gaussian sigma,2953.6438903808594,"[2430.8607222135392, 3476.4270585481795]",184.6027431488037,705.6909451944836,LeWM,/opt/workspace/explorer-env/dataset/ag_data/data/world_model/quentinll/lewm-cube/ckpt/cube_lewm_noise_0to003_p1_seed3073/cube_lewm_noise_0to003_p1_seed3073_epoch_10_object.ckpt,ImageNet-normalized tensor,0.16484094597399235,['/opt/workspace/explorer-env/dataset/ag_data/data/world_model/quentinll/lewm-cube/ckpt/cube_lewm_noise_0to003_p1_seed3073'],16,1820057088,per-channel reciprocal ImageNet std,64.333333,true,1.5988574777589932,8,none for linearization; canonical per-anchor scale for ATR grid,identity in selected embedding_space,/opt/workspace/explorer-env/dataset/ag_data/data/world_model/quentinll/lewm-cube/ckpt/cube_lewm_noise_0to003_p1_seed3073,ok,0.03,cube_lewm_noise_0to003_p1_seed3073,Cube,seconds,3073,11.632949465885758
0.10161935750323704,0.15936114986243352,0.09440792831041439,b623cb54d09df98c4c38c00124249b4449801d55e6d7e7d8900d75dc39466712,endpoint,65.666667,normalized,3,uniform alpha_k=1/H applied as sqrt(alpha_k),8,"[0.2290000021457672, 0.2240000069141388, 0.22499999403953552]",raw pixel-space Gaussian sigma,939.764404296875,"[781.7846713382136, 1097.7441372555363]",58.73527526855469,213.25259469235328,LeWM,/opt/workspace/explorer-env/dataset/ag_data/data/world_model/quentinll/lewm-cube/ckpt/cube_lewm_noise_0to008_p1_seed3073/cube_lewm_noise_0to008_p1_seed3073_epoch_10_object.ckpt,ImageNet-normalized tensor,0.08780114911496639,['/opt/workspace/explorer-env/dataset/ag_data/data/world_model/quentinll/lewm-cube/ckpt/cube_lewm_noise_0to008_p1_seed3073'],16,1820057088,per-channel reciprocal ImageNet std,64.666667,true,1.6138585037724007,8,none for linearization; canonical per-anchor scale for ATR grid,identity in selected embedding_space,/opt/workspace/explorer-env/dataset/ag_data/data/world_model/quentinll/lewm-cube/ckpt/cube_lewm_noise_0to008_p1_seed3073,ok,0.08,cube_lewm_noise_0to008_p1_seed3073,Cube,seconds,3073,10.05756820552051
2.3820318136256216,10.726743387973535,3.786846857134289,4749635cad50fb2f9e6174e17e3ba7ca5b2b757cfe1b539f8e376e0c950d7a26,base,64.0,normalized,3,uniform alpha_k=1/H applied as sqrt(alpha_k),8,"[0.2290000021457672, 0.2240000069141388, 0.22499999403953552]",raw pixel-space Gaussian sigma,32741.547119140625,"[27507.3954519556, 37975.69878632565]",2046.346694946289,7065.4406304927,LeWM,/opt/workspace/explorer-env/dataset/ag_data/data/world_model/quentinll/lewm-cube/ckpt/cube_lewm_baseline_seed3074/cube_lewm_baseline_seed3074_epoch_10_object.ckpt,ImageNet-normalized tensor,0.3614908494055271,['/opt/workspace/explorer-env/dataset/ag_data/data/world_model/quentinll/lewm-cube/ckpt/cube_lewm_baseline_seed3074'],16,1819794944,per-channel reciprocal ImageNet std,43.333333,false,3.4942832427525503,8,none for linearization; canonical per-anchor scale for ATR grid,identity in selected embedding_space,/opt/workspace/explorer-env/dataset/ag_data/data/world_model/quentinll/lewm-cube/ckpt/cube_lewm_baseline_seed3074,ok,0.00,cube_lewm_baseline_seed3074,Cube,seconds,3074,15.413526939228177
0.7462273498721302,0.035755319654847136,0.022812777757342452,0162b1cdbd88d0b4543c35f07946e1af3e0886d5e7e039a3966324605edf02aa,onset,62.333333,normalized,3,uniform alpha_k=1/H applied as sqrt(alpha_k),8,"[0.2290000021457672, 0.2240000069141388, 0.22499999403953552]",raw pixel-space Gaussian sigma,3347.2311096191406,"[2731.5446799194583, 3962.917539318823]",209.2019443511963,831.0985605013326,LeWM,/opt/workspace/explorer-env/dataset/ag_data/data/world_model/quentinll/lewm-cube/ckpt/cube_lewm_noise_0to003_p1_seed3074/cube_lewm_noise_0to003_p1_seed3074_epoch_10_object.ckpt,ImageNet-normalized tensor,0.08562049269676208,['/opt/workspace/explorer-env/dataset/ag_data/data/world_model/quentinll/lewm-cube/ckpt/cube_lewm_noise_0to003_p1_seed3074'],16,1820057088,per-channel reciprocal ImageNet std,65.333333,true,2.1404134842442413,8,none for linearization; canonical per-anchor scale for ATR grid,identity in selected embedding_space,/opt/workspace/explorer-env/dataset/ag_data/data/world_model/quentinll/lewm-cube/ckpt/cube_lewm_noise_0to003_p1_seed3074,ok,0.03,cube_lewm_noise_0to003_p1_seed3074,Cube,seconds,3074,10.213785665109754
0.107951619452755,0.16392194947480287,0.07167052227853826,1151853cca089b72e91857d1756bd8f4c49c57a295c54e743fe8959ffc883e5e,endpoint,57.0,normalized,3,uniform alpha_k=1/H applied as sqrt(alpha_k),8,"[0.2290000021457672, 0.2240000069141388, 0.22499999403953552]",raw pixel-space Gaussian sigma,960.0378875732422,"[818.6565317604845, 1101.4192433859998]",60.00236797332764,190.8468915824963,LeWM,/opt/workspace/explorer-env/dataset/ag_data/data/world_model/quentinll/lewm-cube/ckpt/cube_lewm_noise_0to008_p1_seed3074/cube_lewm_noise_0to008_p1_seed3074_epoch_10_object.ckpt,ImageNet-normalized tensor,0.08257907815277576,['/opt/workspace/explorer-env/dataset/ag_data/data/world_model/quentinll/lewm-cube/ckpt/cube_lewm_noise_0to008_p1_seed3074'],16,1820057088,per-channel reciprocal ImageNet std,61.0,false,1.158135013857657,8,none for linearization; canonical per-anchor scale for ATR grid,identity in selected embedding_space,/opt/workspace/explorer-env/dataset/ag_data/data/world_model/quentinll/lewm-cube/ckpt/cube_lewm_noise_0to008_p1_seed3074,ok,0.08,cube_lewm_noise_0to008_p1_seed3074,Cube,seconds,3074,10.170716064050794
